question,answer,tags,score,accepted_answer,url
What does the &quot;yield&quot; keyword do in Python?,"To understand what yield does, you must understand what generators are. And before you can understand generators, you must understand iterables . Iterables When you create a list, you can read its items one by one. Reading its items one by one is called iteration: >>> mylist = [1, 2, 3]
>>> for i in mylist:
...    print(i)
1
2
3 mylist is an iterable . When you use a list comprehension, you create a list, and so an iterable: >>> mylist = [x*x for x in range(3)]
>>> for i in mylist:
...    print(i)
0
1
4 Everything you can use "" for... in... "" on is an iterable; lists , strings , files... These iterables are handy because you can read them as much as you wish, but you store all the values in memory and this is not always what you want when you have a lot of values. Generators Generators are iterators , a kind of iterable you can only iterate over once . Generators do not store all the values in memory, they generate the values on the fly : >>> mygenerator = (x*x for x in range(3))
>>> for i in mygenerator:
...    print(i)
0
1
4 It is just the same except you used () instead of [] . BUT, you cannot perform for i in mygenerator a second time since generators can only be used once: they calculate 0, then forget about it and calculate 1, and end after calculating 4, one by one. Yield yield is a keyword that is used like return , except the function will return a generator. >>> def create_generator():
...    mylist = range(3)
...    for i in mylist:
...        yield i*i
...
>>> mygenerator = create_generator() # create a generator
>>> print(mygenerator) # mygenerator is an object!
<generator object create_generator at 0xb7555c34>
>>> for i in mygenerator:
...     print(i)
0
1
4 Here it's a useless example, but it's handy when you know your function will return a huge set of values that you will only need to read once. To master yield , you must understand that when you call the function, the code you have written in the function body does not run. The function only returns the generator object, this is a bit tricky. Then, your code will continue from where it left off each time for uses the generator. Now the hard part: The first time the for calls the generator object created from your function, it will run the code in your function from the beginning until it hits yield , then it'll return the first value of the loop. Then, each subsequent call will run another iteration of the loop you have written in the function and return the next value. This will continue until the generator is considered empty, which happens when the function runs without hitting yield . That can be because the loop has come to an end, or because you no longer satisfy an ""if/else"" . Your code explained Generator: # Here you create the method of the node object that will return the generator
def _get_child_candidates(self, distance, min_dist, max_dist):

    # Here is the code that will be called each time you use the generator object:

    # If there is still a child of the node object on its left
    # AND if the distance is ok, return the next child
    if self._leftchild and distance - max_dist < self._median:
        yield self._leftchild

    # If there is still a child of the node object on its right
    # AND if the distance is ok, return the next child
    if self._rightchild and distance + max_dist >= self._median:
        yield self._rightchild

    # If the function arrives here, the generator will be considered empty
    # There are no more than two values: the left and the right children Caller: # Create an empty list and a list with the current object reference
result, candidates = list(), [self]

# Loop on candidates (they contain only one element at the beginning)
while candidates:

    # Get the last candidate and remove it from the list
    node = candidates.pop()

    # Get the distance between obj and the candidate
    distance = node._get_dist(obj)

    # If the distance is ok, then you can fill in the result
    if distance <= max_dist and distance >= min_dist:
        result.extend(node._values)

    # Add the children of the candidate to the candidate's list
    # so the loop will keep running until it has looked
    # at all the children of the children of the children, etc. of the candidate
    candidates.extend(node._get_child_candidates(distance, min_dist, max_dist))

return result This code contains several smart parts: The loop iterates on a list, but the list expands while the loop is being iterated. It's a concise way to go through all these nested data even if it's a bit dangerous since you can end up with an infinite loop. In this case, candidates.extend(node._get_child_candidates(distance, min_dist, max_dist)) exhausts all the values of the generator, but while keeps creating new generator objects which will produce different values from the previous ones since it's not applied on the same node. The extend() method is a list object method that expects an iterable and adds its values to the list. Usually, we pass a list to it: >>> a = [1, 2]
>>> b = [3, 4]
>>> a.extend(b)
>>> print(a)
[1, 2, 3, 4] But in your code, it gets a generator, which is good because: You don't need to read the values twice. You may have a lot of children and you don't want them all stored in memory. And it works because Python does not care if the argument of a method is a list or not. Python expects iterables so it will work with strings, lists, tuples, and generators! This is called duck typing and is one of the reasons why Python is so cool. But this is another story, for another question... You can stop here, or read a little bit to see an advanced use of a generator: Controlling a generator exhaustion >>> class Bank(): # Let's create a bank, building ATMs
...    crisis = False
...    def create_atm(self):
...        while not self.crisis:
...            yield ""$100""
>>> hsbc = Bank() # When everything's ok the ATM gives you as much as you want
>>> corner_street_atm = hsbc.create_atm()
>>> print(corner_street_atm.next())
$100
>>> print(corner_street_atm.next())
$100
>>> print([corner_street_atm.next() for cash in range(5)])
['$100', '$100', '$100', '$100', '$100']
>>> hsbc.crisis = True # Crisis is coming, no more money!
>>> print(corner_street_atm.next())
<type 'exceptions.StopIteration'>
>>> wall_street_atm = hsbc.create_atm() # It's even true for new ATMs
>>> print(wall_street_atm.next())
<type 'exceptions.StopIteration'>
>>> hsbc.crisis = False # The trouble is, even post-crisis the ATM remains empty
>>> print(corner_street_atm.next())
<type 'exceptions.StopIteration'>
>>> brand_new_atm = hsbc.create_atm() # Build a new one to get back in business
>>> for cash in brand_new_atm:
...    print cash
$100
$100
$100
$100
$100
$100
$100
$100
$100
... Note: For Python 3, use print(corner_street_atm.__next__()) or print(next(corner_street_atm)) It can be useful for various things like controlling access to a resource. Itertools, your best friend The itertools module contains special functions to manipulate iterables. Ever wish to duplicate a generator?
Chain two generators? Group values in a nested list with a one-liner? Map / Zip without creating another list? Then just import itertools . An example? Let's see the possible orders of arrival for a four-horse race: >>> horses = [1, 2, 3, 4]
>>> races = itertools.permutations(horses)
>>> print(races)
<itertools.permutations object at 0xb754f1dc>
>>> print(list(itertools.permutations(horses)))
[(1, 2, 3, 4),
 (1, 2, 4, 3),
 (1, 3, 2, 4),
 (1, 3, 4, 2),
 (1, 4, 2, 3),
 (1, 4, 3, 2),
 (2, 1, 3, 4),
 (2, 1, 4, 3),
 (2, 3, 1, 4),
 (2, 3, 4, 1),
 (2, 4, 1, 3),
 (2, 4, 3, 1),
 (3, 1, 2, 4),
 (3, 1, 4, 2),
 (3, 2, 1, 4),
 (3, 2, 4, 1),
 (3, 4, 1, 2),
 (3, 4, 2, 1),
 (4, 1, 2, 3),
 (4, 1, 3, 2),
 (4, 2, 1, 3),
 (4, 2, 3, 1),
 (4, 3, 1, 2),
 (4, 3, 2, 1)] Understanding the inner mechanisms of iteration Iteration is a process implying iterables (implementing the __iter__() method) and iterators (implementing the __next__() method).
Iterables are any objects you can get an iterator from. Iterators are objects that let you iterate on iterables. There is more about it in this article about how for loops work .","python,iterator,generator,yield",13135,231855,https://stackoverflow.com/questions/231767/what-does-the-yield-keyword-do-in-python
What does if __name__ == &quot;__main__&quot;: do?,"Short Answer It's boilerplate code that protects users from accidentally invoking the script when they didn't intend to. Here are some common problems when the guard is omitted from a script: If you import the guardless script in another script (e.g. import my_script_without_a_name_eq_main_guard ), then the latter script will trigger the former to run at import time and using the second script's command line arguments . This is almost always a mistake. If you have a custom class in the guardless script and save it to a pickle file, then unpickling it in another script will trigger an import of the guardless script, with the same problems outlined in the previous bullet. Long Answer To better understand why and how this matters, we need to take a step back to understand how Python initializes scripts and how this interacts with its module import mechanism. Whenever the Python interpreter reads a source file, it does two things: it sets a few special variables like __name__ , and then it executes all of the code found in the file. Let's see how this works and how it relates to your question about the __name__ checks we always see in Python scripts. Code Sample Let's use a slightly different code sample to explore how imports and scripts work.  Suppose the following is in a file called foo.py . # Suppose this is foo.py.

print(""before import"")
import math

print(""before function_a"")
def function_a():
    print(""Function A"")

print(""before function_b"")
def function_b():
    print(""Function B {}"".format(math.sqrt(100)))

print(""before __name__ guard"")
if __name__ == '__main__':
    function_a()
    function_b()
print(""after __name__ guard"") Special Variables When the Python interpreter reads a source file, it first defines a few special variables. In this case, we care about the __name__ variable. When Your Module Is the Main Program If you are running your module (the source file) as the main program, e.g. python foo.py the interpreter will assign the hard-coded string ""__main__"" to the __name__ variable, i.e. # It's as if the interpreter inserts this at the top
# of your module when run as the main program.
__name__ = ""__main__"" When Your Module Is Imported By Another On the other hand, suppose some other module is the main program and it imports your module. This means there's a statement like this in the main program, or in some other module the main program imports: # Suppose this is in some other main program.
import foo The interpreter will search for your foo.py file (along with searching for a few other variants), and prior to executing that module, it will assign the name ""foo"" from the import statement to the __name__ variable, i.e. # It's as if the interpreter inserts this at the top
# of your module when it's imported from another module.
__name__ = ""foo"" Executing the Module's Code After the special variables are set up, the interpreter executes all the code in the module, one statement at a time. You may want to open another window on the side with the code sample so you can follow along with this explanation. Always It prints the string ""before import"" (without quotes). It loads the math module and assigns it to a variable called math . This is equivalent to replacing import math with the following (note that __import__ is a low-level function in Python that takes a string and triggers the actual import): # Find and load a module given its string name, ""math"",
# then assign it to a local variable called math.
math = __import__(""math"") It prints the string ""before function_a"" . It executes the def block, creating a function object, then assigning that function object to a variable called function_a . It prints the string ""before function_b"" . It executes the second def block, creating another function object, then assigning it to a variable called function_b . It prints the string ""before __name__ guard"" . Only When Your Module Is the Main Program If your module is the main program, then it will see that __name__ was indeed set to ""__main__"" and it calls the two functions, printing the strings ""Function A"" and ""Function B 10.0"" . Only When Your Module Is Imported by Another ( instead ) If your module is not the main program but was imported by another one, then __name__ will be ""foo"" , not ""__main__"" , and it'll skip the body of the if statement. Always It will print the string ""after __name__ guard"" in both situations. Summary In summary, here's what'd be printed in the two cases: # What gets printed if foo is the main program
before import
before function_a
before function_b
before __name__ guard
Function A
Function B 10.0
after __name__ guard # What gets printed if foo is imported as a regular module
before import
before function_a
before function_b
before __name__ guard
after __name__ guard Why Does It Work This Way? You might naturally wonder why anybody would want this.  Well, sometimes you want to write a .py file that can be both used by other programs and/or modules as a module, and can also be run as the main program itself.  Examples: Your module is a library, but you want to have a script mode where it runs some unit tests or a demo. Your module is only used as a main program, but it has some unit tests, and the testing framework works by importing .py files like your script and running special test functions. You don't want it to try running the script just because it's importing the module. Your module is mostly used as a main program, but it also provides a programmer-friendly API for advanced users. Beyond those examples, it's elegant that running a script in Python is just setting up a few magic variables and importing the script. ""Running"" the script is a side effect of importing the script's module. Food for Thought Question: Can I have multiple __name__ checking blocks?  Answer: it's strange to do so, but the language won't stop you. Suppose the following is in foo2.py .  What happens if you say python foo2.py on the command-line? Why? # Suppose this is foo2.py.
import os, sys; sys.path.insert(0, os.path.dirname(__file__)) # needed for some interpreters

def function_a():
    print(""a1"")
    from foo2 import function_b
    print(""a2"")
    function_b()
    print(""a3"")

def function_b():
    print(""b"")

print(""t1"")
if __name__ == ""__main__"":
    print(""m1"")
    function_a()
    print(""m2"")
print(""t2"") Now, figure out what will happen in foo3.py (having removed the __name__ check): # Suppose this is foo3.py.
import os, sys; sys.path.insert(0, os.path.dirname(__file__)) # needed for some interpreters

def function_a():
    print(""a1"")
    from foo3 import function_b
    print(""a2"")
    function_b()
    print(""a3"")

def function_b():
    print(""b"")

print(""t1"")
print(""m1"")
function_a()
print(""m2"")
print(""t2"") What will this do when used as a script?  When imported as a module? # Suppose this is in foo4.py
__name__ = ""__main__""

def bar():
    print(""bar"")
    
print(""before __name__ guard"")
if __name__ == ""__main__"":
    bar()
print(""after __name__ guard"")","python,namespaces,program-entry-point,python-module,idioms",8440,419185,https://stackoverflow.com/questions/419163/what-does-if-name-main-do
Does Python have a ternary conditional operator?,"Yes, it was added in version 2.5. The expression syntax is: a if condition else b First condition is evaluated, then exactly one of either a or b is evaluated and returned based on the Boolean value of condition . If condition evaluates to True , then a is evaluated and returned but b is ignored, or else when b is evaluated and returned but a is ignored. This allows short-circuiting because when condition is true only a is evaluated and b is not evaluated at all, but when condition is false only b is evaluated and a is not evaluated at all. For example: >>> 'true' if True else 'false'
'true'
>>> 'true' if False else 'false'
'false' Note that conditionals are an expression , not a statement . This means you can't use statements such as pass , or assignments with = (or ""augmented"" assignments like += ), within a conditional expression : >>> pass if False else pass
  File ""<stdin>"", line 1
    pass if False else pass
         ^
SyntaxError: invalid syntax

>>> # Python parses this as `x = (1 if False else y) = 2`
>>> # The `(1 if False else x)` part is actually valid, but
>>> # it can't be on the left-hand side of `=`.
>>> x = 1 if False else y = 2
  File ""<stdin>"", line 1
SyntaxError: cannot assign to conditional expression

>>> # If we parenthesize it instead...
>>> (x = 1) if False else (y = 2)
  File ""<stdin>"", line 1
    (x = 1) if False else (y = 2)
       ^
SyntaxError: invalid syntax (In 3.8 and above, the := ""walrus"" operator allows simple assignment of values as an expression , which is then compatible with this syntax. But please don't write code like that; it will quickly become very difficult to understand.) Similarly, because it is an expression, the else part is mandatory : # Invalid syntax: we didn't specify what the value should be if the 
# condition isn't met. It doesn't matter if we can verify that
# ahead of time.
a if True You can, however, use conditional expressions to assign a variable like so: x = a if True else b Or for example to return a value: # Of course we should just use the standard library `max`;
# this is just for demonstration purposes.
def my_max(a, b):
    return a if a > b else b Think of the conditional expression as switching between two values. We can use it when we are in a 'one value or another' situation, where we will do the same thing with the result, regardless of whether the condition is met. We use the expression to compute the value, and then do something with it. If you need to do something different depending on the condition, then use a normal if statement instead. Keep in mind that it's frowned upon by some Pythonistas for several reasons: The order of the arguments is different from those of the classic condition ? a : b ternary operator from many other languages (such as C , C++ , Go , Perl , Ruby , Java , JavaScript , etc.), which may lead to bugs when people unfamiliar with Python's ""surprising"" behaviour use it (they may reverse the argument order). Some find it ""unwieldy"", since it goes contrary to the normal flow of thought (thinking of the condition first and then the effects). Stylistic reasons. (Although the 'inline if ' can be really useful, and make your script more concise, it really does complicate your code) If you're having trouble remembering the order, then remember that when read aloud, you (almost) say what you mean. For example, x = 4 if b > 8 else 9 is read aloud as x will be 4 if b is greater than 8 otherwise 9 . Official documentation: Conditional expressions Is there an equivalent of C’s ”?:” ternary operator?","python,operators,conditional-operator",8125,394814,https://stackoverflow.com/questions/394809/does-python-have-a-ternary-conditional-operator
What are metaclasses in Python?,"A metaclass is the class of a class. A class defines how an instance of the class (i.e. an object) behaves while a metaclass defines how a class behaves. A class is an instance of a metaclass. While in Python you can use arbitrary callables for metaclasses (like Jerub shows), the better approach is to make it an actual class itself. type is the usual metaclass in Python. type is itself a class, and it is its own type. You won't be able to recreate something like type purely in Python, but Python cheats a little. To create your own metaclass in Python you really just want to subclass type . A metaclass is most commonly used as a class-factory. When you create an object by calling the class, Python creates a new class (when it executes the 'class' statement) by calling the metaclass. Combined with the normal __init__ and __new__ methods, metaclasses therefore allow you to do 'extra things' when creating a class, like registering the new class with some registry or replace the class with something else entirely. When the class statement is executed, Python first executes the body of the class statement as a normal block of code. The resulting namespace (a dict) holds the attributes of the class-to-be. The metaclass is determined by looking at the baseclasses of the class-to-be (metaclasses are inherited), at the __metaclass__ attribute of the class-to-be (if any) or the __metaclass__ global variable. The metaclass is then called with the name, bases and attributes of the class to instantiate it. However, metaclasses actually define the type of a class, not just a factory for it, so you can do much more with them. You can, for instance, define normal methods on the metaclass. These metaclass-methods are like classmethods in that they can be called on the class without an instance, but they are also not like classmethods in that they cannot be called on an instance of the class. type.__subclasses__() is an example of a method on the type metaclass. You can also define the normal 'magic' methods, like __add__ , __iter__ and __getattr__ , to implement or change how the class behaves. Here's an aggregated example of the bits and pieces: def make_hook(f):
    """"""Decorator to turn 'foo' method into '__foo__'""""""
    f.is_hook = 1
    return f

class MyType(type):
    def __new__(mcls, name, bases, attrs):

        if name.startswith('None'):
            return None

        # Go over attributes and see if they should be renamed.
        newattrs = {}
        for attrname, attrvalue in attrs.iteritems():
            if getattr(attrvalue, 'is_hook', 0):
                newattrs['__%s__' % attrname] = attrvalue
            else:
                newattrs[attrname] = attrvalue

        return super(MyType, mcls).__new__(mcls, name, bases, newattrs)

    def __init__(self, name, bases, attrs):
        super(MyType, self).__init__(name, bases, attrs)

        # classregistry.register(self, self.interfaces)
        print ""Would register class %s now."" % self

    def __add__(self, other):
        class AutoClass(self, other):
            pass
        return AutoClass
        # Alternatively, to autogenerate the classname as well as the class:
        # return type(self.__name__ + other.__name__, (self, other), {})

    def unregister(self):
        # classregistry.unregister(self)
        print ""Would unregister class %s now."" % self

class MyObject:
    __metaclass__ = MyType


class NoneSample(MyObject):
    pass

# Will print ""NoneType None""
print type(NoneSample), repr(NoneSample)

class Example(MyObject):
    def __init__(self, value):
        self.value = value
    @make_hook
    def add(self, other):
        return self.__class__(self.value + other.value)

# Will unregister the class
Example.unregister()

inst = Example(10)
# Will fail with an AttributeError
#inst.unregister()

print inst + inst
class Sibling(MyObject):
    pass

ExampleSibling = Example + Sibling
# ExampleSibling is now a subclass of both Example and Sibling (with no
# content of its own) although it will believe it's called 'AutoClass'
print ExampleSibling
print ExampleSibling.__mro__","python,oop,metaclass,python-class,python-datamodel",7532,100146,https://stackoverflow.com/questions/100003/what-are-metaclasses-in-python
How do I merge two dictionaries in a single expression in Python?,"Python 3.9+ only Merge (|) and update (|=) operators have been added to the built-in dict class. >>> d = {'spam': 1, 'eggs': 2, 'cheese': 3}
>>> e = {'cheese': 'cheddar', 'aardvark': 'Ethel'}
>>> d | e
{'spam': 1, 'eggs': 2, 'cheese': 'cheddar', 'aardvark': 'Ethel'} The augmented assignment version operates in-place: >>> d |= e
>>> d
{'spam': 1, 'eggs': 2, 'cheese': 'cheddar', 'aardvark': 'Ethel'} See PEP 584","python,dictionary,merge",7128,61116810,https://stackoverflow.com/questions/38987/how-do-i-merge-two-dictionaries-in-a-single-expression-in-python
How do I execute a program or call a system command?,"Use subprocess.run : import subprocess

subprocess.run([""ls"", ""-l""]) Another common way is os.system but you shouldn't use it because it is unsafe if any parts of the command come from outside your program or can contain spaces or other special characters, also subprocess.run is generally more flexible (you can get the stdout , stderr , the ""real"" status code , better error handling , etc.). Even the documentation for os.system recommends using subprocess instead. On Python 3.4 and earlier, use subprocess.call instead of .run : subprocess.call([""ls"", ""-l""])","python,shell,terminal,subprocess,command",6296,89243,https://stackoverflow.com/questions/89228/how-do-i-execute-a-program-or-call-a-system-command
"How do I create a directory, and any missing parent directories?","On Python ≥ 3.5, use pathlib.Path.mkdir : from pathlib import Path
Path(""/my/directory"").mkdir(parents=True, exist_ok=True) For older versions of Python, I see two answers with good qualities, each with a small flaw, so I will give my take on it: Try os.path.exists , and consider os.makedirs for the creation. import os
if not os.path.exists(directory):
    os.makedirs(directory) As noted in comments and elsewhere, there's a race condition – if the directory is created between the os.path.exists and the os.makedirs calls, the os.makedirs will fail with an OSError . Unfortunately, blanket-catching OSError and continuing is not foolproof, as it will ignore a failure to create the directory due to other factors, such as insufficient permissions, full disk, etc. One option would be to trap the OSError and examine the embedded error code (see Is there a cross-platform way of getting information from Python’s OSError ): import os, errno

try:
    os.makedirs(directory)
except OSError as e:
    if e.errno != errno.EEXIST:
        raise Alternatively, there could be a second os.path.exists , but suppose another created the directory after the first check, then removed it before the second one – we could still be fooled. Depending on the application, the danger of concurrent operations may be more or less than the danger posed by other factors such as file permissions. The developer would have to know more about the particular application being developed and its expected environment before choosing an implementation. Modern versions of Python improve this code quite a bit, both by exposing FileExistsError (in 3.3+)... try:
    os.makedirs(""path/to/directory"")
except FileExistsError:
    # directory already exists
    pass ...and by allowing a keyword argument to os.makedirs called exist_ok (in 3.2+). os.makedirs(""path/to/directory"", exist_ok=True)  # succeeds even if directory exists.","python,exception,path,directory,operating-system",5823,273227,https://stackoverflow.com/questions/273192/how-do-i-create-a-directory-and-any-missing-parent-directories
How can I access the index value in a &#39;for&#39; loop?,"Use the built-in function enumerate() : for idx, x in enumerate(xs):
    print(idx, x) It is non-Pythonic to manually index via for i in range(len(xs)): x = xs[i] or manually manage an additional state variable. Check out PEP 279 for more.","python,loops,list",5678,522578,https://stackoverflow.com/questions/522563/how-can-i-access-the-index-value-in-a-for-loop
How do I make a flat list out of a list of lists?,"A list of lists named xss can be flattened using a nested list comprehension : flat_list = [
    x
    for xs in xss
    for x in xs
] The above is equivalent to: flat_list = []

for xs in xss:
    for x in xs:
        flat_list.append(x) Here is the corresponding function: def flatten(xss):
    return [x for xs in xss for x in xs] This is the fastest method.
As evidence, using the timeit module in the standard library, we see: $ python -mtimeit -s'xss=[[1,2,3],[4,5,6],[7],[8,9]]*99' '[x for xs in xss for x in xs]'
10000 loops, best of 3: 143 usec per loop

$ python -mtimeit -s'xss=[[1,2,3],[4,5,6],[7],[8,9]]*99' 'sum(xss, [])'
1000 loops, best of 3: 969 usec per loop

$ python -mtimeit -s'xss=[[1,2,3],[4,5,6],[7],[8,9]]*99' 'reduce(lambda xs, ys: xs + ys, xss)'
1000 loops, best of 3: 1.1 msec per loop Explanation: the methods based on + (including the implied use in sum ) are, of necessity, O(L**2) when there are L sublists -- as the intermediate result list keeps getting longer, at each step a new intermediate result list object gets allocated, and all the items in the previous intermediate result must be copied over (as well as a few new ones added at the end). So, for simplicity and without actual loss of generality, say you have L sublists of M items each: the first M items are copied back and forth L-1 times, the second M items L-2 times, and so on; total number of copies is M times the sum of x for x from 1 to L excluded, i.e., M * (L**2)/2 . The list comprehension just generates one list, once, and copies each item over (from its original place of residence to the result list) also exactly once.","python,list,multidimensional-array,flatten",5516,952952,https://stackoverflow.com/questions/952914/how-do-i-make-a-flat-list-out-of-a-list-of-lists
What is the difference between @staticmethod and @classmethod in Python?,"Maybe a bit of example code will help: Notice the difference in the call signatures of foo , class_foo and static_foo : class A(object):
    def foo(self, x):
        print(f""executing foo({self}, {x})"")

    @classmethod
    def class_foo(cls, x):
        print(f""executing class_foo({cls}, {x})"")

    @staticmethod
    def static_foo(x):
        print(f""executing static_foo({x})"")

a = A() Below is the usual way an object instance calls a method. The object instance, a , is implicitly passed as the first argument. a.foo(1)
# executing foo(<__main__.A object at 0xb7dbef0c>, 1) With classmethods , the class of the object instance is implicitly passed as the first argument instead of self . a.class_foo(1)
# executing class_foo(<class '__main__.A'>, 1) You can also call class_foo using the class. In fact, if you define something to be
a classmethod, it is probably because you intend to call it from the class rather than from a class instance. A.foo(1) would have raised a TypeError, but A.class_foo(1) works just fine: A.class_foo(1)
# executing class_foo(<class '__main__.A'>, 1) One use people have found for class methods is to create inheritable alternative constructors . With staticmethods , neither self (the object instance) nor cls (the class) is implicitly passed as the first argument. They behave like plain functions except that you can call them from an instance or the class: a.static_foo(1)
# executing static_foo(1)

A.static_foo('hi')
# executing static_foo(hi) Staticmethods are used to group functions which have some logical connection with a class to the class. foo is just a function, but when you call a.foo you don't just get the function,
you get a ""partially applied"" version of the function with the object instance a bound as the first argument to the function. foo expects 2 arguments, while a.foo only expects 1 argument. a is bound to foo . That is what is meant by the term ""bound"" below: print(a.foo)
# <bound method A.foo of <__main__.A object at 0xb7d52f0c>> With a.class_foo , a is not bound to class_foo , rather the class A is bound to class_foo . print(a.class_foo)
# <bound method type.class_foo of <class '__main__.A'>> Here, with a staticmethod, even though it is a method, a.static_foo just returns
a good 'ole function with no arguments bound. static_foo expects 1 argument, and a.static_foo expects 1 argument too. print(a.static_foo)
# <function static_foo at 0xb7d479cc> And of course the same thing happens when you call static_foo with the class A instead. print(A.static_foo)
# <function static_foo at 0xb7d479cc>","python,oop,static-methods,python-decorators,class-method",4791,1669524,https://stackoverflow.com/questions/136097/what-is-the-difference-between-staticmethod-and-classmethod-in-python
How slicing in Python works,"The syntax is: a[start:stop]  # items start through stop-1
a[start:]      # items start through the rest of the array
a[:stop]       # items from the beginning through stop-1
a[:]           # a copy of the whole array There is also the step value, which can be used with any of the above: a[start:stop:step] # start through not past stop, by step The key point to remember is that the :stop value represents the first value that is not in the selected slice. So, the difference between stop and start is the number of elements selected (if step is 1, the default). The other feature is that start or stop may be a negative number, which means it counts from the end of the array instead of the beginning. So: a[-1]    # last item in the array
a[-2:]   # last two items in the array
a[:-2]   # everything except the last two items Similarly, step may be a negative number: a[::-1]    # all items in the array, reversed
a[1::-1]   # the first two items, reversed
a[:-3:-1]  # the last two items, reversed
a[-3::-1]  # everything except the last two items, reversed Python is kind to the programmer if there are fewer items than you ask for. For example, if you ask for a[:-2] and a only contains one element, you get an empty list instead of an error. Sometimes you would prefer the error, so you have to be aware that this may happen. Relationship with the slice object A slice object can represent a slicing operation, i.e.: a[start:stop:step] is equivalent to: a[slice(start, stop, step)] Slice objects also behave slightly differently depending on the number of arguments, similar to range() , i.e. both slice(stop) and slice(start, stop[, step]) are supported.
To skip specifying a given argument, one might use None , so that e.g. a[start:] is equivalent to a[slice(start, None)] or a[::-1] is equivalent to a[slice(None, None, -1)] . While the : -based notation is very helpful for simple slicing, the explicit use of slice() objects simplifies the programmatic generation of slicing.","python,slice,sequence",4708,509295,https://stackoverflow.com/questions/509211/how-slicing-in-python-works
How can I find the index for a given item in a list?,">>> [""foo"", ""bar"", ""baz""].index(""bar"")
1 See the documentation for the built-in .index() method of the list: list.index(x[, start[, end]]) Return zero-based index in the list of the first item whose value is equal to x . Raises a ValueError if there is no such item. The optional arguments start and end are interpreted as in the slice notation and are used to limit the search to a particular subsequence of the list. The returned index is computed relative to the beginning of the full sequence rather than the start argument. Caveats Linear time-complexity in list length An index call checks every element of the list in order, until it finds a match. If the list is long, and if there is no guarantee that the value will be near the beginning, this can slow down the code. This problem can only be completely avoided by using a different data structure. However, if the element is known to be within a certain part of the list, the start and end parameters can be used to narrow the search. For example: >>> import timeit
>>> timeit.timeit('l.index(999_999)', setup='l = list(range(0, 1_000_000))', number=1000)
9.356267921015387
>>> timeit.timeit('l.index(999_999, 999_990, 1_000_000)', setup='l = list(range(0, 1_000_000))', number=1000)
0.0004404920036904514 The second call is orders of magnitude faster, because it only has to search through 10 elements, rather than all 1 million. Only the index of the first match is returned A call to index searches through the list in order until it finds a match, and stops there. If there could be more than one occurrence of the value, and all indices are needed, index cannot solve the problem: >>> [1, 1].index(1) # the `1` index is not found.
0 Instead, use a list comprehension or generator expression to do the search , with enumerate to get indices : >>> # A list comprehension gives a list of indices directly:
>>> [i for i, e in enumerate([1, 2, 1]) if e == 1]
[0, 2]
>>> # A generator comprehension gives us an iterable object...
>>> g = (i for i, e in enumerate([1, 2, 1]) if e == 1)
>>> # which can be used in a `for` loop, or manually iterated with `next`:
>>> next(g)
0
>>> next(g)
2 The list comprehension and generator expression techniques still work if there is only one match, and are more generalizable. Raises an exception if there is no match As noted in the documentation above, using .index will raise an exception if the searched-for value is not in the list: >>> [1, 1].index(2)
Traceback (most recent call last):
  File ""<stdin>"", line 1, in <module>
ValueError: 2 is not in list If this is a concern, either explicitly check first using item in my_list , or handle the exception with try / except as appropriate. The explicit check is simple and readable, but it must iterate the list a second time. See What is the EAFP principle in Python? for more guidance on this choice.","python,list,indexing",4489,176921,https://stackoverflow.com/questions/176918/how-can-i-find-the-index-for-a-given-item-in-a-list
"Iterating over a dictionary using a &#39;for&#39; loop, getting keys","key is just a variable name. for key in d: will simply loop over the keys in the dictionary, rather than the keys and values.  To loop over both key and value you can use the following: For Python 3.x: for key, value in d.items(): For Python 2.x: for key, value in d.iteritems(): To test for yourself, change the word key to poop . In Python 3.x, iteritems() was replaced with simply items() , which returns a set-like view backed by the dict, like iteritems() but even better. 
This is also available in 2.7 as viewitems() . The operation items() will work for both 2 and 3, but in 2 it will return a list of the dictionary's (key, value) pairs, which will not reflect changes to the dict that happen after the items() call. If you want the 2.x behavior in 3.x, you can call list(d.items()) .","python,loops,dictionary,key",4428,3294899,https://stackoverflow.com/questions/3294889/iterating-over-a-dictionary-using-a-for-loop-getting-keys
How can I iterate over rows in a Pandas DataFrame?,"DataFrame.iterrows is a generator which yields both the index and row (as a Series): import pandas as pd

df = pd.DataFrame({'c1': [10, 11, 12], 'c2': [100, 110, 120]})
df = df.reset_index()  # Make sure indexes pair with number of rows

for index, row in df.iterrows():
    print(row['c1'], row['c2']) 10 100
11 110
12 120 Obligatory disclaimer from the documentation Iterating through pandas objects is generally slow . In many cases, iterating manually over the rows is not needed and can be avoided with one of the following approaches: Look for a vectorized solution: many operations can be performed using built-in methods or NumPy functions, (boolean) indexing, … When you have a function that cannot work on the full DataFrame/Series at once, it is better to use apply() instead of iterating over the values. See the docs on function application . If you need to do iterative manipulations on the values but performance is important, consider writing the inner loop with Cython or Numba . See the enhancing performance section for some examples of this approach. Other answers to this question delve into greater depth on alternatives to iter* functions if you are interested to learn more.","python,pandas,dataframe,loops",4250,16476974,https://stackoverflow.com/questions/16476924/how-can-i-iterate-over-rows-in-a-pandas-dataframe
How can I use a global variable in a function?,"You can use a global variable within other functions by declaring it as global within each function that assigns a value to it : globvar = 0

def set_globvar_to_one():
    global globvar    # Needed to modify global copy of globvar
    globvar = 1

def print_globvar():
    print(globvar)     # No need for global declaration to read value of globvar

set_globvar_to_one()
print_globvar()       # Prints 1 Since it's unclear whether globvar = 1 is creating a local variable or changing a global variable, Python defaults to creating a local variable, and makes you explicitly choose the other behavior with the global keyword. See other answers if you want to share a global variable across modules.","python,global-variables,scope",4049,423596,https://stackoverflow.com/questions/423379/how-can-i-use-a-global-variable-in-a-function
How do I get the current time in Python?,"Use datetime : >>> import datetime
>>> now = datetime.datetime.now()
>>> now
datetime.datetime(2009, 1, 6, 15, 8, 24, 78915)
>>> str(now)
'2009-01-06 15:08:24.078915' For just the clock time without the date: >>> now.time()
datetime.time(15, 8, 24, 78915)
>>> str(now.time())
'15:08:24.078915' To save typing, you can import the datetime object from the datetime module: from datetime import datetime Then remove the prefix datetime. from all of the above.","python,datetime,time",4000,415519,https://stackoverflow.com/questions/415511/how-do-i-get-the-current-time-in-python
How can I catch multiple exceptions in one line? (in the &quot;except&quot; block),"From Python Documentation : An except clause may name multiple exceptions as a parenthesized tuple, for example except (IDontLikeYouException, YouAreBeingMeanException) as e:
    pass Or, for Python 2 only: except (IDontLikeYouException, YouAreBeingMeanException), e:
    pass Separating the exception from the variable with a comma will still work in Python 2.6 and 2.7, but is now deprecated and does not work in Python 3; now you should be using as .","python,exception",3965,6470452,https://stackoverflow.com/questions/6470428/how-can-i-catch-multiple-exceptions-in-one-line-in-the-except-block
How do I copy a file?,"shutil has many methods you can use. One of which is: import shutil

shutil.copyfile(src, dst)

# 2nd option
shutil.copy(src, dst)  # dst can be a folder; use shutil.copy2() to preserve timestamp Copy the contents of the file named src to a file named dst . Both src and dst need to be the entire filename of the files, including path. The destination location must be writable; otherwise, an IOError exception will be raised. If dst already exists, it will be replaced. Special files such as character or block devices and pipes cannot be copied with this function. With copy , src and dst are path names given as str s. Another shutil method to look at is shutil.copy2() . It's similar but preserves more metadata (e.g. time stamps). If you use os.path operations, use copy rather than copyfile . copyfile will only accept strings.","python,file,copy,filesystems,file-copying",3959,123212,https://stackoverflow.com/questions/123198/how-do-i-copy-a-file
What is __init__.py for?,"It used to be a required part of a package ( old, pre-3.3 ""regular package"" , not newer 3.3+ ""namespace package"" ). Here's the documentation. Python defines two types of packages, regular packages and namespace packages. Regular packages are traditional packages as they existed in Python 3.2 and earlier. A regular package is typically implemented as a directory containing an __init__.py file. When a regular package is imported, this __init__.py file is implicitly executed, and the objects it defines are bound to names in the package’s namespace. The __init__.py file can contain the same Python code that any other module can contain, and Python will add some additional attributes to the module when it is imported. But just click the link, it contains an example, more information, and an explanation of namespace packages, the kind of packages without __init__.py .","python,module,package,python-packaging",3940,448279,https://stackoverflow.com/questions/448271/what-is-init-py-for
Convert bytes to a string in Python 3,"Decode the bytes object to produce a string: >>> b""abcde"".decode(""utf-8"")
'abcde' The above example assumes that the bytes object is in UTF-8, because it is a common encoding. However, you should use the encoding your data is actually in!","python,string,python-3.x",3887,606199,https://stackoverflow.com/questions/606191/convert-bytes-to-a-string-in-python-3
What is the difference between __str__ and __repr__?,"Alex Martelli summarized well but, surprisingly, was too succinct. First, let me reiterate the main points in Alex ’s post: The default implementation is useless (it’s hard to think of one which wouldn’t be, but yeah) __repr__ goal is to be unambiguous __str__ goal is to be readable Container’s __str__ uses contained objects’ __repr__ Default implementation is useless This is mostly a surprise because Python’s defaults tend to be fairly useful. However, in this case, having a default for __repr__ which would act like: return ""%s(%r)"" % (self.__class__, self.__dict__) Or in new f-string formatting: return f""{self.__class__!s}({self.__dict__!r})"" would have been too dangerous (for example, too easy to get into infinite recursion if objects reference each other). So Python cops out. Note that there is one default which is true: if __repr__ is defined, and __str__ is not, the object will behave as though __str__=__repr__ . This means, in simple terms: almost every object you implement should have a functional __repr__ that’s usable for understanding the object. Implementing __str__ is optional: do that if you need a “pretty print” functionality (for example, used by a report generator). The goal of __repr__ is to be unambiguous Let me come right out and say it — I do not believe in debuggers. I don’t really know how to use any debugger, and have never used one seriously. Furthermore, I believe that the big fault in debuggers is their basic nature — most failures I debug happened a long long time ago, in a galaxy far far away. This means that I do believe, with religious fervor, in logging. Logging is the lifeblood of any decent fire-and-forget server system. Python makes it easy to log: with maybe some project specific wrappers, all you need is a log(INFO, ""I am in the weird function and a is"", a, ""and b is"", b, ""but I got a null C — using default"", default_c) But you have to do the last step — make sure every object you implement has a useful repr, so code like that can just work. This is why the “eval” thing comes up: if you have enough information so eval(repr(c))==c , that means you know everything there is to know about c . If that’s easy enough, at least in a fuzzy way, do it. If not, make sure you have enough information about c anyway. I usually use an eval-like format: ""MyClass(this=%r,that=%r)"" % (self.this,self.that) . It does not mean that you can actually construct MyClass, or that those are the right constructor arguments — but it is a useful form to express “this is everything you need to know about this instance”. Note: I used %r above, not %s . You always want to use repr() [or %r formatting character, equivalently] inside __repr__ implementation, or you’re defeating the goal of repr. You want to be able to differentiate MyClass(3) and MyClass(""3"") . The goal of __str__ is to be readable Specifically, it is not intended to be unambiguous — notice that str(3)==str(""3"") . Likewise, if you implement an IP abstraction, having the str of it look like 192.168.1.1 is just fine. When implementing a date/time abstraction, the str can be ""2010/4/12 15:35:22"", etc. The goal is to represent it in a way that a user, not a programmer, would want to read it. Chop off useless digits, pretend to be some other class — as long is it supports readability, it is an improvement. Container’s __str__ uses contained objects’ __repr__ This seems surprising, doesn’t it? It is a little, but how readable would it be if it used their __str__ ? [moshe is, 3, hello
world, this is a list, oh I don't know, containing just 4 elements] Not very. Specifically, the strings in a container would find it way too easy to disturb its string representation. In the face of ambiguity, remember, Python resists the temptation to guess. If you want the above behavior when you’re printing a list, just print(""["" + "", "".join(lst) + ""]"") (you can probably also figure out what to do about dictionaries). Summary Implement __repr__ for any class you implement. This should be second nature. Implement __str__ if you think it would be useful to have a string version which errs on the side of readability.","python,magic-methods,repr",3839,2626364,https://stackoverflow.com/questions/1436703/what-is-the-difference-between-str-and-repr
How do I select rows from a DataFrame based on column values?,"To select rows whose column value equals a scalar, some_value , use == : df.loc[df['column_name'] == some_value] To select rows whose column value is in an iterable, some_values , use isin : df.loc[df['column_name'].isin(some_values)] Combine multiple conditions with & : df.loc[(df['column_name'] >= A) & (df['column_name'] <= B)] Note the parentheses. Due to Python's operator precedence rules , & binds more tightly than <= and >= . Thus, the parentheses in the last example are necessary. Without the parentheses df['column_name'] >= A & df['column_name'] <= B is parsed as df['column_name'] >= (A & df['column_name']) <= B which results in a Truth value of a Series is ambiguous error . To select rows whose column value does not equal some_value , use != : df.loc[df['column_name'] != some_value] The isin returns a boolean Series, so to select rows whose value is not in some_values , negate the boolean Series using ~ : df = df.loc[~df['column_name'].isin(some_values)] # .loc is not in-place replacement For example, import pandas as pd
import numpy as np
df = pd.DataFrame({'A': 'foo bar foo bar foo bar foo foo'.split(),
                   'B': 'one one two three two two one three'.split(),
                   'C': np.arange(8), 'D': np.arange(8) * 2})
print(df)
#      A      B  C   D
# 0  foo    one  0   0
# 1  bar    one  1   2
# 2  foo    two  2   4
# 3  bar  three  3   6
# 4  foo    two  4   8
# 5  bar    two  5  10
# 6  foo    one  6  12
# 7  foo  three  7  14

print(df.loc[df['A'] == 'foo']) yields A      B  C   D
0  foo    one  0   0
2  foo    two  2   4
4  foo    two  4   8
6  foo    one  6  12
7  foo  three  7  14 If you have multiple values you want to include, put them in a
list (or more generally, any iterable) and use isin : print(df.loc[df['B'].isin(['one','three'])]) yields A      B  C   D
0  foo    one  0   0
1  bar    one  1   2
3  bar  three  3   6
6  foo    one  6  12
7  foo  three  7  14 Note, however, that if you wish to do this many times, it is more efficient to
make an index first, and then use df.loc : df = df.set_index(['B'])
print(df.loc['one']) yields A  C   D
B              
one  foo  0   0
one  bar  1   2
one  foo  6  12 or, to include multiple values from the index use df.index.isin : df.loc[df.index.isin(['one','two'])] yields A  C   D
B              
one  foo  0   0
one  bar  1   2
two  foo  2   4
two  foo  4   8
two  bar  5  10
one  foo  6  12","python,pandas,dataframe,indexing,filter",3634,17071908,https://stackoverflow.com/questions/17071871/how-do-i-select-rows-from-a-dataframe-based-on-column-values
How can I add new keys to a dictionary?,"You create a new key/value pair on a dictionary by assigning a value to that key d = {'key': 'value'}
print(d)  # {'key': 'value'}

d['mynewkey'] = 'mynewvalue'

print(d)  # {'key': 'value', 'mynewkey': 'mynewvalue'} If the key doesn't exist, it's added and points to that value. If it exists, the current value it points to is overwritten.","python,dictionary,key,lookup",3602,1024851,https://stackoverflow.com/questions/1024847/how-can-i-add-new-keys-to-a-dictionary
Does Python have a string &#39;contains&#39; substring method?,"Use the in operator : if ""blah"" not in somestring: 
    continue Note: This is case-sensitive.","python,string,substring,contains",3585,3437070,https://stackoverflow.com/questions/3437059/does-python-have-a-string-contains-substring-method
How can I delete a file or folder in Python?,"Use one of these methods: pathlib.Path.unlink() removes a file or symbolic link. pathlib.Path.rmdir() removes an empty directory. shutil.rmtree() deletes a directory and all its contents. On Python 3.3 and below, you can use these methods instead of the pathlib ones: os.remove() removes a file. os.unlink() removes a symbolic link. os.rmdir() removes an empty directory.","python,file-io,directory,delete-file",3553,6996628,https://stackoverflow.com/questions/6996603/how-can-i-delete-a-file-or-folder-in-python
&quot;Least Astonishment&quot; and the Mutable Default Argument,"Actually, this is not a design flaw, and it is not because of internals or performance. It comes simply from the fact that functions in Python are first-class objects , and not only a piece of code. As soon as you think of it this way, then it completely makes sense: a function is an object being evaluated on its definition; default parameters are kind of ""member data"" and therefore their state may change from one call to the other - exactly as in any other object. In any case, the Effbot ( Fredrik Lundh ) has a very nice explanation of the reasons for this behavior in Default Parameter Values in Python . I found it very clear, and I really suggest reading it for a better knowledge of how function objects work.","python,language-design,default-parameters,least-astonishment",3511,1145781,https://stackoverflow.com/questions/1132941/least-astonishment-and-the-mutable-default-argument
What does ** (double star/asterisk) and * (star/asterisk) do for parameters?,"The *args and **kwargs are common idioms to allow an arbitrary number of arguments to functions, as described in the section more on defining functions in the Python tutorial. The *args will give you all positional arguments as a tuple : def foo(*args):
    for a in args:
        print(a)        

foo(1)
# 1

foo(1, 2, 3)
# 1
# 2
# 3 The **kwargs will give you all
keyword arguments as a dictionary: def bar(**kwargs):
    for a in kwargs:
        print(a, kwargs[a])  

bar(name='one', age=27)
# name one
# age 27 Both idioms can be mixed with normal arguments to allow a set of fixed and some variable arguments: def foo(kind, *args, bar=None, **kwargs):
    print(kind, args, bar, kwargs)

foo(123, 'a', 'b', apple='red')
# 123 ('a', 'b') None {'apple': 'red'} It is also possible to use this the other way around: def foo(a, b, c):
    print(a, b, c)

obj = {'b':10, 'c':'lee'}

foo(100, **obj)
# 100 10 lee Another usage of the *l idiom is to unpack argument lists when calling a function. def foo(bar, lee):
    print(bar, lee)

baz = [1, 2]

foo(*baz)
# 1 2 In Python 3 it is possible to use *l on the left side of an assignment ( Extended Iterable Unpacking ), though it gives a list instead of a tuple in this context: first, *rest = [1, 2, 3, 4]
# first = 1
# rest = [2, 3, 4] Also Python 3 adds a new semantic (refer PEP 3102 ): def func(arg1, arg2, arg3, *, kwarg1, kwarg2):
    pass Such function accepts only 3 positional arguments, and everything after * can only be passed as keyword arguments. Note: A Python dict , semantically used for keyword argument passing, is arbitrarily ordered. However, in Python 3.6+, keyword arguments are guaranteed to remember insertion order.
""The order of elements in **kwargs now corresponds to the order in which keyword arguments were passed to the function."" - What’s New In Python 3.6 .
In fact, all dicts in CPython 3.6 will remember insertion order as an implementation detail, and this becomes standard in Python 3.7.","python,syntax,parameter-passing,variadic-functions,argument-unpacking",3501,36908,https://stackoverflow.com/questions/36901/what-does-double-star-asterisk-and-star-asterisk-do-for-parameters
How do I sort a dictionary by value?,"Python 3.7+ or CPython 3.6 Dicts preserve insertion order in Python 3.7+. Same in CPython 3.6, but it's an implementation detail . >>> x = {1: 2, 3: 4, 4: 3, 2: 1, 0: 0}
>>> {k: v for k, v in sorted(x.items(), key=lambda item: item[1])}
{0: 0, 2: 1, 1: 2, 4: 3, 3: 4} or >>> dict(sorted(x.items(), key=lambda item: item[1]))
{0: 0, 2: 1, 1: 2, 4: 3, 3: 4} Older Python It is not possible to sort a dictionary, only to get a representation of a dictionary that is sorted. Dictionaries are inherently orderless, but other types, such as lists and tuples, are not. So you need an ordered data type to represent sorted values, which will be a list—probably a list of tuples. For instance, import operator
x = {1: 2, 3: 4, 4: 3, 2: 1, 0: 0}
sorted_x = sorted(x.items(), key=operator.itemgetter(1)) sorted_x will be a list of tuples sorted by the second element in each tuple. dict(sorted_x) == x . And for those wishing to sort on keys instead of values: import operator
x = {1: 2, 3: 4, 4: 3, 2: 1, 0: 0}
sorted_x = sorted(x.items(), key=operator.itemgetter(0)) In Python3 since unpacking is not allowed we can use x = {1: 2, 3: 4, 4: 3, 2: 1, 0: 0}
sorted_x = sorted(x.items(), key=lambda kv: kv[1]) If you want the output as a dict, you can use collections.OrderedDict : import collections

sorted_dict = collections.OrderedDict(sorted_x)","python,sorting,dictionary",3413,613218,https://stackoverflow.com/questions/613183/how-do-i-sort-a-dictionary-by-value
How do I clone a list so that it doesn&#39;t change unexpectedly after assignment?,"new_list = my_list doesn't actually create a second list. The assignment just copies the reference to the list, not the actual list, so both new_list and my_list refer to the same list after the assignment. To actually copy the list, you have several options: You can use the built-in list.copy() method (available since Python 3.3): new_list = old_list.copy() You can slice it: new_list = old_list[:] Alex Martelli 's opinion (at least back in 2007 ) about this is, that it is a weird syntax and it does not make sense to use it ever . ;) (In his opinion, the next one is more readable). You can use the built-in list() constructor: new_list = list(old_list) You can use generic copy.copy() : import copy
new_list = copy.copy(old_list) This is a little slower than list() because it has to find out the datatype of old_list first. If you need to copy the elements of the list as well, use generic copy.deepcopy() : import copy
new_list = copy.deepcopy(old_list) Obviously the slowest and most memory-needing method, but sometimes unavoidable. This operates recursively; it will handle any number of levels of nested lists (or other containers). Example: import copy

class Foo(object):
    def __init__(self, val):
         self.val = val

    def __repr__(self):
        return f'Foo({self.val!r})'

foo = Foo(1)

a = ['foo', foo]
b = a.copy()
c = a[:]
d = list(a)
e = copy.copy(a)
f = copy.deepcopy(a)

# edit orignal list and instance 
a.append('baz')
foo.val = 5

print(f'original: {a}\nlist.copy(): {b}\nslice: {c}\nlist(): {d}\ncopy: {e}\ndeepcopy: {f}') Result: original: ['foo', Foo(5), 'baz']
list.copy(): ['foo', Foo(5)]
slice: ['foo', Foo(5)]
list(): ['foo', Foo(5)]
copy: ['foo', Foo(5)]
deepcopy: ['foo', Foo(1)]","python,list,clone,mutable",3370,2612815,https://stackoverflow.com/questions/2612802/how-do-i-clone-a-list-so-that-it-doesnt-change-unexpectedly-after-assignment
How do I pass a variable by reference?,"Arguments are passed by assignment . The rationale behind this is twofold: the parameter passed in is actually a reference to an object (but the reference is passed by value) some data types are mutable, but others aren't So: If you pass a mutable object into a method, the method gets a reference to that same object and you can mutate it to your heart's delight, but if you rebind the reference in the method, the outer scope will know nothing about it, and after you're done, the outer reference will still point at the original object. If you pass an immutable object to a method, you still can't rebind the outer reference, and you can't even mutate the object. To make it even more clear, let's have some examples. List - a mutable type Let's try to modify the list that was passed to a method: def try_to_change_list_contents(the_list):
    print('got', the_list)
    the_list.append('four')
    print('changed to', the_list)

outer_list = ['one', 'two', 'three']

print('before, outer_list =', outer_list)
try_to_change_list_contents(outer_list)
print('after, outer_list =', outer_list) Output: before, outer_list = ['one', 'two', 'three']
got ['one', 'two', 'three']
changed to ['one', 'two', 'three', 'four']
after, outer_list = ['one', 'two', 'three', 'four'] Since the parameter passed in is a reference to outer_list , not a copy of it, we can use the mutating list methods to change it and have the changes reflected in the outer scope. Now let's see what happens when we try to change the reference that was passed in as a parameter: def try_to_change_list_reference(the_list):
    print('got', the_list)
    the_list = ['and', 'we', 'can', 'not', 'lie']
    print('set to', the_list)

outer_list = ['we', 'like', 'proper', 'English']

print('before, outer_list =', outer_list)
try_to_change_list_reference(outer_list)
print('after, outer_list =', outer_list) Output: before, outer_list = ['we', 'like', 'proper', 'English']
got ['we', 'like', 'proper', 'English']
set to ['and', 'we', 'can', 'not', 'lie']
after, outer_list = ['we', 'like', 'proper', 'English'] Since the the_list parameter was passed by value, assigning a new list to it had no effect that the code outside the method could see. The the_list was a copy of the outer_list reference, and we had the_list point to a new list, but there was no way to change where outer_list pointed. String - an immutable type It's immutable, so there's nothing we can do to change the contents of the string Now, let's try to change the reference def try_to_change_string_reference(the_string):
    print('got', the_string)
    the_string = 'In a kingdom by the sea'
    print('set to', the_string)

outer_string = 'It was many and many a year ago'

print('before, outer_string =', outer_string)
try_to_change_string_reference(outer_string)
print('after, outer_string =', outer_string) Output: before, outer_string = It was many and many a year ago
got It was many and many a year ago
set to In a kingdom by the sea
after, outer_string = It was many and many a year ago Again, since the the_string parameter was passed by value, assigning a new string to it had no effect that the code outside the method could see. The the_string was a copy of the outer_string reference, and we had the_string point to a new string, but there was no way to change where outer_string pointed. I hope this clears things up a little. EDIT: It's been noted that this doesn't answer the question that @David originally asked, ""Is there something I can do to pass the variable by actual reference?"". Let's work on that. How do we get around this? As @Andrea's answer shows, you could return the new value. This doesn't change the way things are passed in, but does let you get the information you want back out: def return_a_whole_new_string(the_string):
    new_string = something_to_do_with_the_old_string(the_string)
    return new_string

# then you could call it like
my_string = return_a_whole_new_string(my_string) If you really wanted to avoid using a return value, you could create a class to hold your value and pass it into the function or use an existing class, like a list: def use_a_wrapper_to_simulate_pass_by_reference(stuff_to_change):
    new_string = something_to_do_with_the_old_string(stuff_to_change[0])
    stuff_to_change[0] = new_string

# then you could call it like
wrapper = [my_string]
use_a_wrapper_to_simulate_pass_by_reference(wrapper)

do_something_with(wrapper[0]) Although this seems a little cumbersome.","python,reference,parameter-passing,pass-by-reference",3364,986145,https://stackoverflow.com/questions/986006/how-do-i-pass-a-variable-by-reference
Manually raising (throwing) an exception in Python,"How do I manually throw/raise an exception in Python? Use the most specific Exception constructor that semantically fits your issue . Be specific in your message, e.g.: raise ValueError('A very specific bad thing happened.') Don't raise generic exceptions Avoid raising a generic Exception . To catch it, you'll have to catch all other more specific exceptions that subclass it. Problem 1: Hiding bugs raise Exception('I know Python!') # Don't! If you catch, likely to hide bugs. For example: def demo_bad_catch():
    try:
        raise ValueError('Represents a hidden bug, do not catch this')
        raise Exception('This is the exception you expect to handle')
    except Exception as error:
        print('Caught this error: ' + repr(error))

>>> demo_bad_catch()
Caught this error: ValueError('Represents a hidden bug, do not catch this',) Problem 2: Won't catch And more specific catches won't catch the general exception: def demo_no_catch():
    try:
        raise Exception('general exceptions not caught by specific handling')
    except ValueError as e:
        print('we will not catch exception: Exception')
 

>>> demo_no_catch()
Traceback (most recent call last):
  File ""<stdin>"", line 1, in <module>
  File ""<stdin>"", line 3, in demo_no_catch
Exception: general exceptions not caught by specific handling Best Practices: raise statement Instead, use the most specific Exception constructor that semantically fits your issue . raise ValueError('A very specific bad thing happened') which also handily allows an arbitrary number of arguments to be passed to the constructor: raise ValueError('A very specific bad thing happened', 'foo', 'bar', 'baz') These arguments are accessed by the args attribute on the Exception object. For example: try:
    some_code_that_may_raise_our_value_error()
except ValueError as err:
    print(err.args) prints ('message', 'foo', 'bar', 'baz') In Python 2.5, an actual message attribute was added to BaseException in favor of encouraging users to subclass Exceptions and stop using args , but the introduction of message and the original deprecation of args has been retracted . Best Practices: except clause When inside an except clause, you might want to, for example, log that a specific type of error happened, and then re-raise. The best way to do this while preserving the stack trace is to use a bare raise statement. For example: logger = logging.getLogger(__name__)

try:
    do_something_in_app_that_breaks_easily()
except AppError as error:
    logger.error(error)
    raise                 # just this!
    # raise AppError      # Don't do this, you'll lose the stack trace! Don't modify your errors... but if you insist. You can preserve the stacktrace (and error value) with sys.exc_info() , but this is way more error prone and has compatibility problems between Python 2 and 3 , prefer to use a bare raise to re-raise. To explain - the sys.exc_info() returns the type, value, and traceback. type, value, traceback = sys.exc_info() This is the syntax in Python 2 - note this is not compatible with Python 3: raise AppError, error, sys.exc_info()[2] # avoid this.
# Equivalently, as error *is* the second object:
raise sys.exc_info()[0], sys.exc_info()[1], sys.exc_info()[2] If you want to, you can modify what happens with your new raise - e.g. setting new args for the instance: def error():
    raise ValueError('oops!')

def catch_error_modify_message():
    try:
        error()
    except ValueError:
        error_type, error_instance, traceback = sys.exc_info()
        error_instance.args = (error_instance.args[0] + ' <modification>',)
        raise error_type, error_instance, traceback And we have preserved the whole traceback while modifying the args. Note that this is not a best practice and it is invalid syntax in Python 3 (making keeping compatibility much harder to work around). >>> catch_error_modify_message()
Traceback (most recent call last):
  File ""<stdin>"", line 1, in <module>
  File ""<stdin>"", line 3, in catch_error_modify_message
  File ""<stdin>"", line 2, in error
ValueError: oops! <modification> In Python 3 : raise error.with_traceback(sys.exc_info()[2]) Again: avoid manually manipulating tracebacks. It's less efficient and more error prone. And if you're using threading and sys.exc_info you may even get the wrong traceback (especially if you're using exception handling for control flow - which I'd personally tend to avoid.) Python 3, Exception chaining In Python 3, you can chain Exceptions, which preserve tracebacks: raise RuntimeError('specific message') from error Be aware: this does allow changing the error type raised, and this is not compatible with Python 2. Deprecated Methods: These can easily hide and even get into production code. You want to raise an exception, and doing them will raise an exception, but not the one intended! Valid in Python 2, but not in Python 3 is the following: raise ValueError, 'message' # Don't do this, it's deprecated! Only valid in much older versions of Python (2.4 and lower), you may still see people raising strings: raise 'message' # really really wrong. don't do this. In all modern versions, this will actually raise a TypeError , because you're not raising a BaseException type. If you're not checking for the right exception and don't have a reviewer that's aware of the issue, it could get into production. Example Usage I raise Exceptions to warn consumers of my API if they're using it incorrectly: def api_func(foo):
    '''foo should be either 'baz' or 'bar'. returns something very useful.'''
    if foo not in _ALLOWED_ARGS:
        raise ValueError('{foo} wrong, use ""baz"" or ""bar""'.format(foo=repr(foo))) Create your own error types when apropos ""I want to make an error on purpose, so that it would go into the except"" You can create your own error types, if you want to indicate something specific is wrong with your application, just subclass the appropriate point in the exception hierarchy: class MyAppLookupError(LookupError):
    '''raise this when there's a lookup error for my app''' and usage: if important_key not in resource_dict and not ok_to_be_missing:
    raise MyAppLookupError('resource is missing, and that is not ok.')","python,exception",3322,24065533,https://stackoverflow.com/questions/2052390/manually-raising-throwing-an-exception-in-python
Understanding Python super() with __init__() methods,"super() lets you avoid referring to the base class explicitly, which can be nice. But the main advantage comes with multiple inheritance, where all sorts of fun stuff can happen. See the standard docs on super if you haven't already. Note that the syntax changed in Python 3.0 : you can just say super().__init__() instead of super(ChildB, self).__init__() which IMO is quite a bit nicer. The standard docs also refer to a guide to using super() which is quite explanatory.","python,class,oop,inheritance,super",3298,576183,https://stackoverflow.com/questions/576169/understanding-python-super-with-init-methods
How do I concatenate two lists in Python?,"Use the + operator to combine the lists: listone = [1, 2, 3]
listtwo = [4, 5, 6]

joinedlist = listone + listtwo Output: >>> joinedlist
[1, 2, 3, 4, 5, 6] NOTE: This will create a new list with a shallow copy of the items in the first list, followed by a shallow copy of the items in the second list. Use copy.deepcopy() to get deep copies of lists.","python,list,concatenation",3237,1720432,https://stackoverflow.com/questions/1720421/how-do-i-concatenate-two-lists-in-python
How do I check if a list is empty?,"if not a:
    print(""List is empty"") Using the implicit booleanness of the empty list is quite Pythonic.","python,list",3222,53522,https://stackoverflow.com/questions/53513/how-do-i-check-if-a-list-is-empty
How do I make function decorators and chain them together?,"Check out the documentation to see how decorators work. Here is what you asked for: from functools import wraps

def makebold(fn):
    @wraps(fn)
    def wrapper(*args, **kwargs):
        return ""<b>"" + fn(*args, **kwargs) + ""</b>""
    return wrapper

def makeitalic(fn):
    @wraps(fn)
    def wrapper(*args, **kwargs):
        return ""<i>"" + fn(*args, **kwargs) + ""</i>""
    return wrapper

@makebold
@makeitalic
def hello():
    return ""hello world""

@makebold
@makeitalic
def log(s):
    return s

print hello()        # returns ""<b><i>hello world</i></b>""
print hello.__name__ # with functools.wraps() this returns ""hello""
print log('hello')   # returns ""<b><i>hello</i></b>""","python,function,decorator,python-decorators,chain",3202,739665,https://stackoverflow.com/questions/739654/how-do-i-make-function-decorators-and-chain-them-together
How do I split a list into equally-sized chunks?,"Here's a generator that yields evenly-sized chunks: def chunks(lst, n):
    """"""Yield successive n-sized chunks from lst.""""""
    for i in range(0, len(lst), n):
        yield lst[i:i + n] import pprint
pprint.pprint(list(chunks(range(10, 75), 10)))
[[10, 11, 12, 13, 14, 15, 16, 17, 18, 19],
 [20, 21, 22, 23, 24, 25, 26, 27, 28, 29],
 [30, 31, 32, 33, 34, 35, 36, 37, 38, 39],
 [40, 41, 42, 43, 44, 45, 46, 47, 48, 49],
 [50, 51, 52, 53, 54, 55, 56, 57, 58, 59],
 [60, 61, 62, 63, 64, 65, 66, 67, 68, 69],
 [70, 71, 72, 73, 74]] For Python 2, using xrange instead of range : def chunks(lst, n):
    """"""Yield successive n-sized chunks from lst.""""""
    for i in xrange(0, len(lst), n):
        yield lst[i:i + n] Below is a list comprehension one-liner. The method above is preferable, though, since using named functions makes code easier to understand. For Python 3: [lst[i:i + n] for i in range(0, len(lst), n)] For Python 2: [lst[i:i + n] for i in xrange(0, len(lst), n)]","python,list,split,chunks",3177,312464,https://stackoverflow.com/questions/312443/how-do-i-split-a-list-into-equally-sized-chunks
Find the current directory and file&#39;s directory,"To get the full path to the directory a Python file is contained in, write this in that file: import os 
dir_path = os.path.dirname(os.path.realpath(__file__)) (Note that the incantation above won't work if you've already used os.chdir() to change your current working directory, since the value of the __file__ constant is relative to the current working directory and is not changed by an os.chdir() call.) To get the current working directory use import os
cwd = os.getcwd() Documentation references for the modules, constants and functions used above: The os and os.path modules. The __file__ constant os.path.realpath(path) (returns ""the canonical path of the specified filename, eliminating any symbolic links encountered in the path"" ) os.path.dirname(path) (returns ""the directory name of pathname path "" ) os.getcwd() (returns ""a string representing the current working directory"" ) os.chdir(path) ( ""change the current working directory to path "" )","python,directory",3144,5137509,https://stackoverflow.com/questions/5137497/find-the-current-directory-and-files-directory
What is the difference between Python&#39;s list methods append and extend?,".append() appends a single object at the end of the list: >>> x = [1, 2, 3]
>>> x.append([4, 5])
>>> print(x)
[1, 2, 3, [4, 5]] .extend() appends multiple objects that are taken from inside the specified iterable: >>> x = [1, 2, 3]
>>> x.extend([4, 5])
>>> print(x)
[1, 2, 3, 4, 5]","python,list,data-structures,append,extend",3109,252711,https://stackoverflow.com/questions/252703/what-is-the-difference-between-pythons-list-methods-append-and-extend
Renaming column names in Pandas,"Just assign it to the .columns attribute: >>> df = pd.DataFrame({'$a':[1,2], '$b': [10,20]})
>>> df
   $a  $b
0   1  10
1   2  20

>>> df.columns = ['a', 'b']
>>> df
   a   b
0  1  10
1  2  20","python,pandas,replace,dataframe,rename",3074,11346337,https://stackoverflow.com/questions/11346283/renaming-column-names-in-pandas
Why is &quot;1000000000000000 in range(1000000000000001)&quot; so fast in Python 3?,"The Python 3 range() object doesn't produce numbers immediately; it is a smart sequence object that produces numbers on demand . All it contains is your start, stop and step values, then as you iterate over the object the next integer is calculated each iteration. The object also implements the object.__contains__ hook , and calculates if your number is part of its range. Calculating is a (near) constant time operation * . There is never a need to scan through all possible integers in the range. From the range() object documentation : The advantage of the range type over a regular list or tuple is that a range object will always take the same (small) amount of memory, no matter the size of the range it represents (as it only stores the start , stop and step values, calculating individual items and subranges as needed). So at a minimum, your range() object would do: class my_range:
    def __init__(self, start, stop=None, step=1, /):
        if stop is None:
            start, stop = 0, start
        self.start, self.stop, self.step = start, stop, step
        if step < 0:
            lo, hi, step = stop, start, -step
        else:
            lo, hi = start, stop
        self.length = 0 if lo > hi else ((hi - lo - 1) // step) + 1

    def __iter__(self):
        current = self.start
        if self.step < 0:
            while current > self.stop:
                yield current
                current += self.step
        else:
            while current < self.stop:
                yield current
                current += self.step

    def __len__(self):
        return self.length

    def __getitem__(self, i):
        if i < 0:
            i += self.length
        if 0 <= i < self.length:
            return self.start + i * self.step
        raise IndexError('my_range object index out of range')

    def __contains__(self, num):
        if self.step < 0:
            if not (self.stop < num <= self.start):
                return False
        else:
            if not (self.start <= num < self.stop):
                return False
        return (num - self.start) % self.step == 0 This is still missing several things that a real range() supports (such as the .index() or .count() methods, hashing, equality testing, or slicing), but should give you an idea. I also simplified the __contains__ implementation to only focus on integer tests; if you give a real range() object a non-integer value (including subclasses of int ), a slow scan is initiated to see if there is a match, just as if you use a containment test against a list of all the contained values. This was done to continue to support other numeric types that just happen to support equality testing with integers but are not expected to support integer arithmetic as well. See the original Python issue that implemented the containment test. * Near constant time because Python integers are unbounded and so math operations also grow in time as N grows, making this a O(log N) operation. Since it’s all executed in optimised C code and Python stores integer values in 30-bit chunks, you’d run out of memory before you saw any performance impact due to the size of the integers involved here.","python,performance,python-3.x,range,python-internals",3069,30081318,https://stackoverflow.com/questions/30081275/why-is-1000000000000000-in-range1000000000000001-so-fast-in-python-3
How can I remove a key from a Python dictionary?,"To delete a key regardless of whether it is in the dictionary, use the two-argument form of dict.pop() : my_dict.pop('key', None) This will return my_dict[key] if key exists in the dictionary, and None otherwise. If the second parameter is not specified (i.e. my_dict.pop('key') ) and key does not exist, a KeyError is raised. To delete a key that is guaranteed to exist, you can also use del my_dict['key'] This will raise a KeyError if the key is not in the dictionary.","python,dictionary,unset",3022,11277439,https://stackoverflow.com/questions/11277432/how-can-i-remove-a-key-from-a-python-dictionary
Convert string &quot;Jun 1 2005 1:33PM&quot; into datetime,"datetime.strptime parses an input string in the user-specified format into a timezone-naive datetime object: >>> from datetime import datetime
>>> datetime.strptime('Jun 1 2005  1:33PM', '%b %d %Y %I:%M%p')
datetime.datetime(2005, 6, 1, 13, 33) To obtain a date object using an existing datetime object, convert it using .date() : >>> datetime.strptime('Jun 1 2005', '%b %d %Y').date()
date(2005, 6, 1) Links: strptime docs: Python 2 , Python 3 strptime / strftime format string docs: Python 2 , Python 3 strftime.org format string cheatsheet Notes: strptime = ""string parse time"" strftime = ""string format time""","python,datetime,type-conversion",3005,466376,https://stackoverflow.com/questions/466345/convert-string-jun-1-2005-133pm-into-datetime
How to upgrade all Python packages with pip,"There isn't a built-in flag yet. Starting with pip version 22.3, the --outdated and --format=freeze have become mutually exclusive . Use Python, to parse the JSON output: pip --disable-pip-version-check list --outdated --format=json | python -c ""import json, sys; print('\n'.join([x['name'] for x in json.load(sys.stdin)]))"" | xargs -n1 pip install -U If you are using pip<22.3 you can use: pip list --outdated --format=freeze | grep -v '^\-e' | cut -d = -f 1  | xargs -n1 pip install -U For older versions of pip : pip freeze --local | grep -v '^\-e' | cut -d = -f 1  | xargs -n1 pip install -U The grep is to skip editable (""-e"") package definitions, as suggested by @jawache . (Yes, you could replace grep + cut with sed or awk or perl or...). The -n1 flag for xargs prevents stopping everything if updating one package fails (thanks @andsens ). Note: there are infinite potential variations for this. I'm trying to keep this answer short and simple, but please do suggest variations in the comments!","python,pip,pypi",2897,3452888,https://stackoverflow.com/questions/2720014/how-to-upgrade-all-python-packages-with-pip
How can I sort a list of dictionaries by a value of the dictionary in Python?,"The sorted() function takes a key= parameter newlist = sorted(list_to_be_sorted, key=lambda d: d['name']) Alternatively, you can use operator.itemgetter instead of defining the function yourself from operator import itemgetter
newlist = sorted(list_to_be_sorted, key=itemgetter('name')) For completeness, add reverse=True to sort in descending order newlist = sorted(list_to_be_sorted, key=itemgetter('name'), reverse=True)","python,list,sorting,dictionary,data-structures",2857,73050,https://stackoverflow.com/questions/72899/how-can-i-sort-a-list-of-dictionaries-by-a-value-of-the-dictionary-in-python
How to leave/exit/deactivate a Python virtualenv,"Usually, activating a virtualenv gives you a shell function named: $ deactivate which puts things back to normal. I have just looked specifically again at the code for virtualenvwrapper , and, yes, it too supports deactivate as the way to escape from all virtualenvs. If you are trying to leave an Anaconda environment, the command depends upon your version of conda . Recent versions (like 4.6) install a conda function directly in your shell, in which case you run: conda deactivate Older conda versions instead implement deactivation using a stand-alone script: source deactivate","python,virtualenv,exit,virtualenvwrapper",2855,990779,https://stackoverflow.com/questions/990754/how-to-leave-exit-deactivate-a-python-virtualenv
How do I get the last element of a list?,"some_list[-1] is the shortest and most Pythonic. In fact, you can do much more with this syntax. The some_list[-n] syntax gets the nth-to-last element. So some_list[-1] gets the last element, some_list[-2] gets the second to last, etc, all the way down to some_list[-len(some_list)] , which gives you the first element. You can also set list elements in this way. For instance: >>> some_list = [1, 2, 3]
>>> some_list[-1] = 5 # Set the last element
>>> some_list[-2] = 3 # Set the second to last element
>>> some_list
[1, 3, 5] Note that getting a list item by index will raise an IndexError if the expected item doesn't exist. This means that some_list[-1] will raise an exception if some_list is empty, because an empty list can't have a last element.","python,list",2813,930398,https://stackoverflow.com/questions/930397/how-do-i-get-the-last-element-of-a-list
How do I parse a string to a float or int?,">>> a = ""545.2222""
>>> float(a)
545.22220000000004
>>> int(float(a))
545","python,parsing,floating-point,type-conversion,integer",2785,379910,https://stackoverflow.com/questions/379906/how-do-i-parse-a-string-to-a-float-or-int
How do I install pip on Windows?,"Python 3.4+ and 2.7.9+ Good news! Python 3.4 (released March 2014) and Python 2.7.9 (released December 2014) ship with Pip. This is the best feature of any Python release. It makes the community's wealth of libraries accessible to everyone. Newbies are no longer excluded from using community libraries by the prohibitive difficulty of setup. In shipping with a package manager, Python joins Ruby , Node.js , Haskell , Perl , Go —almost every other contemporary language with a majority open-source community. Thank you, Python. If you do find that pip is not available, simply run ensurepip . On Windows: py -3 -m ensurepip Otherwise: python3 -m ensurepip Of course, that doesn't mean Python packaging is problem solved. The experience remains frustrating. I discuss this in the Stack Overflow question Does Python have a package/module management system? . Python 3 ≤ 3.3 and 2 ≤ 2.7.8 Flying in the face of its 'batteries included' motto, Python ships without a package manager. To make matters worse, Pip was—until recently—ironically difficult to install. Official instructions Per https://pip.pypa.io/en/stable/installing/#do-i-need-to-install-pip : Download get-pip.py , being careful to save it as a .py file rather than .txt . Then, run it from the command prompt: python get-pip.py You possibly need an administrator command prompt to do this. Follow Start a Command Prompt as an Administrator (Microsoft TechNet). This installs the pip package, which (in Windows) contains ...\Scripts\pip.exe that path must be in PATH environment variable to use pip from the command line (see the second part of 'Alternative Instructions' for adding it to your PATH, Alternative instructions The official documentation tells users to install Pip and each of its dependencies from source. That's tedious for the experienced and prohibitively difficult for newbies. For our sake, Christoph Gohlke prepares Windows installers ( .msi ) for popular Python packages. He builds installers for all Python versions, both 32 and 64 bit. You need to: Install setuptools Install pip For me, this installed Pip at C:\Python27\Scripts\pip.exe . Find pip.exe on your computer, then add its folder (for example, C:\Python27\Scripts ) to your path (Start / Edit environment variables). Now you should be able to run pip from the command line. Try installing a package: pip install httpie There you go (hopefully)! Solutions for common problems are given below: Proxy problems If you work in an office, you might be behind an HTTP proxy. If so, set the environment variables http_proxy and https_proxy . Most Python applications (and other free software) respect these. Example syntax: http://proxy_url:port
http://username:password@proxy_url:port If you're really unlucky, your proxy might be a Microsoft NTLM proxy. Free software can't cope. The only solution is to install a free software friendly proxy that forwards to the nasty proxy. http://cntlm.sourceforge.net/ Unable to find vcvarsall.bat Python modules can be partly written in C or C++. Pip tries to compile from source. If you don't have a C/C++ compiler installed and configured, you'll see this cryptic error message. Error: Unable to find vcvarsall.bat You can fix that by installing a C++ compiler such as MinGW or Visual C++ . Microsoft actually ships one specifically for use with Python. Or try Microsoft Visual C++ Compiler for Python 2.7 . Often though it's easier to check Christoph's site for your package.","python,windows,pip",2778,12476379,https://stackoverflow.com/questions/4750806/how-do-i-install-pip-on-windows
How do I get a substring of a string in Python?,">>> x = ""Hello World!""
>>> x[2:]
'llo World!'
>>> x[:2]
'He'
>>> x[:-2]
'Hello Worl'
>>> x[-2:]
'd!'
>>> x[2:-2]
'llo Worl' Python calls this concept ""slicing"" and it works on more than just strings. Take a look here for a comprehensive introduction.","python,string,substring",2728,663175,https://stackoverflow.com/questions/663171/how-do-i-get-a-substring-of-a-string-in-python
How do I escape curly-brace ({}) characters characters in a string while using .format?,"You need to double the {{ and }} : >>> x = "" {{ Hello }} {0} ""
>>> print(x.format(42))
' { Hello } 42 ' Here's the relevant part of the Python documentation for format string syntax : Format strings contain “replacement fields” surrounded by curly braces {} . Anything that is not contained in braces is considered literal text, which is copied unchanged to the output. If you need to include a brace character in the literal text, it can be escaped by doubling: {{ and }} .","python,string,format,string-formatting,curly-braces",2723,5466478,https://stackoverflow.com/questions/5466451/how-do-i-escape-curly-brace-characters-characters-in-a-string-while-using
Check if a given key already exists in a dictionary,"in tests for the existence of a key in a dict : d = {""key1"": 10, ""key2"": 23}

if ""key1"" in d:
    print(""this will execute"")

if ""nonexistent key"" in d:
    print(""this will not"") Use dict.get() to provide a default value when the key does not exist: d = {}

for i in range(100):
    key = i % 10
    d[key] = d.get(key, 0) + 1 To provide a default value for every key, either use dict.setdefault() on each assignment: d = {}

for i in range(100):
    d[i % 10] = d.setdefault(i % 10, 0) + 1 ...or better, use defaultdict from the collections module: from collections import defaultdict

d = defaultdict(int)

for i in range(100):
    d[i % 10] += 1","python,dictionary",2675,1602964,https://stackoverflow.com/questions/1602934/check-if-a-given-key-already-exists-in-a-dictionary
Class (static) variables and methods,"Variables declared inside the class definition, but not inside a method are class or static variables: >>> class MyClass:
...     i = 3
...
>>> MyClass.i
3 As @ millerdev points out, this creates a class-level i variable, but this is distinct from any instance-level i variable, so you could have >>> m = MyClass()
>>> m.i = 4
>>> MyClass.i, m.i
>>> (3, 4) This is different from C++ and Java, but not so different from C#, where a static member can't be accessed using a reference to an instance. See what the Python tutorial has to say on the subject of classes and class objects . @Steve Johnson has already answered regarding static methods , also documented under ""Built-in Functions"" in the Python Library Reference . class C:
    @staticmethod
    def f(arg1, arg2, ...): ... @beidy recommends classmethod s over staticmethod, as the method then receives the class type as the first argument.","python,class,static,class-variables",2636,68672,https://stackoverflow.com/questions/68645/class-static-variables-and-methods
How do I lowercase a string in Python?,"Use str.lower() : ""Kilometer"".lower()","python,string,uppercase,lowercase",2586,6797990,https://stackoverflow.com/questions/6797984/how-do-i-lowercase-a-string-in-python
How can I check if an object has an attribute?,"Try hasattr() : if hasattr(a, 'property'):
    a.property See zweiterlinde's answer , which offers good advice about asking forgiveness! It is a very Pythonic approach! The general practice in Python is that, if the property is likely to be there most of the time, simply call it and either let the exception propagate, or trap it with a try/except block. This will likely be faster than hasattr . If the property is likely to not be there most of the time, or you're not sure, using hasattr will probably be faster than repeatedly falling into an exception block.","python,class,object,attributes,attributeerror",2536,610893,https://stackoverflow.com/questions/610883/how-can-i-check-if-an-object-has-an-attribute
How to print without a newline or space,"In Python 3, you can use the sep= and end= parameters of the print function: To not add a newline to the end of the string: print('.', end='') To not add a space between all the function arguments you want to print: print('a', 'b', 'c', sep='') You can pass any string to either parameter, and you can use both parameters at the same time. If you are having trouble with buffering, you can flush the output by adding flush=True keyword argument: print('.', end='', flush=True) Python 2.6 and 2.7 From Python 2.6 you can either import the print function from Python 3 using the __future__ module : from __future__ import print_function which allows you to use the Python 3 solution above. However, note that the flush keyword is not available in the version of the print function imported from __future__ in Python 2; it only works in Python 3, more specifically 3.3 and later. In earlier versions you'll still need to flush manually with a call to sys.stdout.flush() . You'll also have to rewrite all other print statements in the file where you do this import. Or you can use sys.stdout.write() import sys
sys.stdout.write('.') You may also need to call sys.stdout.flush() to ensure stdout is flushed immediately.","python,trailing-newline",2529,493399,https://stackoverflow.com/questions/493386/how-to-print-without-a-newline-or-space
Calling a function of a module by using its name (a string),"Given a module foo with method bar : import foo
bar = getattr(foo, 'bar')
result = bar() getattr can similarly be used on class instance bound methods, module-level methods, class methods... the list goes on.","python,object,reflection",2496,3071,https://stackoverflow.com/questions/3061/calling-a-function-of-a-module-by-using-its-name-a-string
How can I randomly select (choose) an item from a list (get a random element)?,"Use random.choice() : import random

foo = ['a', 'b', 'c', 'd', 'e']
print(random.choice(foo)) For cryptographically secure random choices (e.g., for generating a passphrase from a wordlist), use secrets.choice() : import secrets

foo = ['battery', 'correct', 'horse', 'staple']
print(secrets.choice(foo)) secrets is new in Python 3.6. On older versions of Python you can use the random.SystemRandom class: import random

secure_random = random.SystemRandom()
print(secure_random.choice(foo))","python,list,random",2444,306417,https://stackoverflow.com/questions/306400/how-can-i-randomly-select-choose-an-item-from-a-list-get-a-random-element
How to remove an element from a list by index,"Use del and specify the index of the element you want to delete: >>> a = [0, 1, 2, 3, 4, 5, 6, 7, 8, 9]
>>> del a[-1]
>>> a
[0, 1, 2, 3, 4, 5, 6, 7, 8] Also supports slices: >>> del a[2:4]
>>> a
[0, 1, 4, 5, 6, 7, 8, 9] Here is the section from the tutorial.","python,list,indexing",2348,627453,https://stackoverflow.com/questions/627435/how-to-remove-an-element-from-a-list-by-index
Delete a column from a Pandas DataFrame,"As you've guessed, the right syntax is del df['column_name'] It's difficult to make del df.column_name work simply as the result of syntactic limitations in Python. del df[name] gets translated to df.__delitem__(name) under the covers by Python.","python,pandas,dataframe,del",2339,13485766,https://stackoverflow.com/questions/13411544/delete-a-column-from-a-pandas-dataframe
How do I get the number of elements in a list (length of a list) in Python?,"The len() function can be used with several different types in Python - both built-in types and library types. For example: >>> len([1, 2, 3])
3","python,list",2306,1712236,https://stackoverflow.com/questions/1712227/how-do-i-get-the-number-of-elements-in-a-list-length-of-a-list-in-python
"What is the difference between venv, pyvenv, pyenv, virtualenv, virtualenvwrapper, pipenv, etc?","This is my personal recommendation for beginners: start by learning virtualenv and pip , tools which work with both Python 2 and 3 and in a variety of situations, and pick up other tools once you start needing them. Now on to answer the question: what is the difference between these similarly named things: venv, virtualenv, etc? PyPI packages not in the standard library: virtualenv is a very popular tool that creates isolated Python environments for Python libraries. If you're not familiar with this tool, I highly recommend learning it, as it is a very useful tool. It works by installing a bunch of files in a directory (eg: env/ ), and then modifying the PATH environment variable to prefix it with a custom bin directory (eg: env/bin/ ). An exact copy of the python or python3 binary is placed in this directory, but Python is programmed to look for libraries relative to its path first, in the environment directory. It's not part of Python's standard library, but is officially blessed by the PyPA (Python Packaging Authority). Once activated, you can install packages in the virtual environment using pip . pyenv is used to isolate Python versions. For example, you may want to test your code against Python 2.7, 3.6, 3.7 and 3.8, so you'll need a way to switch between them. Once activated, it prefixes the PATH environment variable with ~/.pyenv/shims , where there are special files matching the Python commands ( python , pip ). These are not copies of the Python-shipped commands; they are special scripts that decide on the fly which version of Python to run based on the PYENV_VERSION environment variable, or the .python-version file, or the ~/.pyenv/version file. pyenv also makes the process of downloading and installing multiple Python versions easier, using the command pyenv install . pyenv-virtualenv is a plugin for pyenv by the same author as pyenv , to allow you to use pyenv and virtualenv at the same time conveniently. However, if you're using Python 3.3 or later, pyenv-virtualenv will try to run python -m venv if it is available, instead of virtualenv . You can use virtualenv and pyenv together without pyenv-virtualenv , if you don't want the convenience features. virtualenvwrapper is a set of extensions to virtualenv (see docs ). It gives you commands like mkvirtualenv , lssitepackages , and especially workon for switching between different virtualenv directories. This tool is especially useful if you want multiple virtualenv directories. pyenv-virtualenvwrapper is a plugin for pyenv by the same author as pyenv , to conveniently integrate virtualenvwrapper into pyenv . pipenv aims to combine Pipfile , pip and virtualenv into one command on the command-line. The virtualenv directory typically gets placed in ~/.local/share/virtualenvs/XXX , with XXX being a hash of the path of the project directory. This is different from virtualenv , where the directory is typically in the current working directory. pipenv is meant to be used when developing Python applications (as opposed to libraries). There are alternatives to pipenv , such as poetry , which I won't list here since this question is only about the packages that are similarly named. Standard library: pyvenv (not to be confused with pyenv in the previous section) is a script shipped with Python 3.3 to 3.7. It was removed from Python 3.8 as it had problems (not to mention the confusing name). Running python3 -m venv has exactly the same effect as pyvenv . venv is a package shipped with Python 3, which you can run using python3 -m venv (although for some reason some distros separate it out into a separate distro package, such as python3-venv on Ubuntu/Debian). It serves the same purpose as virtualenv , but only has a subset of its features ( see a comparison here ). virtualenv continues to be more popular than venv , especially since the former supports both Python 2 and 3.","python,virtualenv,virtualenvwrapper,pyenv,python-venv",2272,41573588,https://stackoverflow.com/questions/41573587/what-is-the-difference-between-venv-pyvenv-pyenv-virtualenv-virtualenvwrappe
How do I pad a string with zeros?,"To pad strings: >>> print('4'.zfill(3))
004
>>> print('-4'.zfill(3))
-04 To pad numbers: >>> n = 4
>>> print(f'{n:03}') # Preferred method, python >= 3.6
004
>>> print('%03d' % n)
004
>>> print(format(n, '03')) # python >= 2.6
004
>>> print('{0:03d}'.format(n))  # python >= 2.6 + python 3
004
>>> print('{foo:03d}'.format(foo=n))  # python >= 2.6 + python 3
004
>>> print('{:03d}'.format(n))  # python >= 2.7 + python3
004 String formatting documentation .","python,string,zero-padding",2261,339013,https://stackoverflow.com/questions/339007/how-do-i-pad-a-string-with-zeros
Delete an element from a dictionary,"The del statement removes an element: del d[key] Note that this mutates the existing dictionary, so the contents of the dictionary changes for anybody else who has a reference to the same instance. To return a new dictionary, make a copy of the dictionary: def removekey(d, key):
    r = dict(d)
    del r[key]
    return r The dict() constructor makes a shallow copy . To make a deep copy, see the copy module . Note that making a copy for every dict del /assignment/etc. means you're going from constant time to linear time, and also using linear space. For small dicts, this is not a problem. But if you're planning to make lots of copies of large dicts, you probably want a different data structure, like a HAMT (as described in this answer ).","python,dictionary,del",2248,5844692,https://stackoverflow.com/questions/5844672/delete-an-element-from-a-dictionary
Determine the type of an object?,"There are two built-in functions that help you identify the type of an object. You can use type() if you need the exact type of an object, and isinstance() to check an object’s type against something. Usually, you want to use isinstance() most of the times since it is very robust and also supports type inheritance. To get the actual type of an object, you use the built-in type() function. Passing an object as the only parameter will return the type object of that object: >>> type([]) is list
True
>>> type({}) is dict
True
>>> type('') is str
True
>>> type(0) is int
True This of course also works for custom types: >>> class Test1 (object):
        pass
>>> class Test2 (Test1):
        pass
>>> a = Test1()
>>> b = Test2()
>>> type(a) is Test1
True
>>> type(b) is Test2
True Note that type() will only return the immediate type of the object, but won’t be able to tell you about type inheritance. >>> type(b) is Test1
False To cover that, you should use the isinstance function. This of course also works for built-in types: >>> isinstance(b, Test1)
True
>>> isinstance(b, Test2)
True
>>> isinstance(a, Test1)
True
>>> isinstance(a, Test2)
False
>>> isinstance([], list)
True
>>> isinstance({}, dict)
True isinstance() is usually the preferred way to ensure the type of an object because it will also accept derived types. So unless you actually need the type object (for whatever reason), using isinstance() is preferred over type() . The second parameter of isinstance() also accepts a tuple of types, so it’s possible to check for multiple types at once. isinstance will then return true, if the object is of any of those types: >>> isinstance([], (tuple, list, set))
True","python,dictionary,types,typeof",2231,2225066,https://stackoverflow.com/questions/2225038/determine-the-type-of-an-object
How to check if the string is empty in Python?,"Empty strings are ""falsy"" ( python 2 or python 3 reference), which means they are considered false in a Boolean context, so you can just do this: if not myString: This is the preferred way if you do not need to differentiate between an empty string and some other falsy value. To explicitly check for an empty string use the following: if myString == """": See the documentation on Truth Value Testing for other values that are false in Boolean contexts.","python,string,boolean,is-empty,comparison-operators",2229,9573259,https://stackoverflow.com/questions/9573244/how-to-check-if-the-string-is-empty-in-python
How do I count the occurrences of a list item?,"If you only want a single item's count, use the count method: >>> [1, 2, 3, 4, 1, 4, 1].count(1)
3 Important: this is very slow if you are counting multiple different items Each count call goes over the entire list of n elements. Calling count in a loop n times means n * n total checks, which can be catastrophic for performance. If you want to count multiple items, use Counter , which only does n total checks.","python,list,count",2227,2600208,https://stackoverflow.com/questions/2600191/how-do-i-count-the-occurrences-of-a-list-item
Why is reading lines from stdin much slower in C++ than Python?,"tl;dr: Because of different default settings in C++ requiring more system calls. By default, cin is synchronized with stdio, which causes it to avoid any input buffering.  If you add this to the top of your main, you should see much better performance: std::ios_base::sync_with_stdio(false); Normally, when an input stream is buffered, instead of reading one character at a time, the stream will be read in larger chunks.  This reduces the number of system calls, which are typically relatively expensive.  However, since the FILE* based stdio and iostreams often have separate implementations and therefore separate buffers, this could lead to a problem if both were used together.  For example: int myvalue1;
cin >> myvalue1;
int myvalue2;
scanf(""%d"",&myvalue2); If more input was read by cin than it actually needed, then the second integer value wouldn't be available for the scanf function, which has its own independent buffer.  This would lead to unexpected results. To avoid this, by default, streams are synchronized with stdio .  One common way to achieve this is to have cin read each character one at a time as needed using stdio functions.  Unfortunately, this introduces a lot of overhead.  For small amounts of input, this isn't a big problem, but when you are reading millions of lines, the performance penalty is significant. Fortunately, the library designers decided that you should also be able to disable this feature to get improved performance if you knew what you were doing, so they provided the sync_with_stdio method. From this link (emphasis added): If the synchronization is turned off, the C++ standard streams are allowed to buffer their I/O independently, which may be considerably faster in some cases .","python,c++,benchmarking,iostream,getline",2203,9371717,https://stackoverflow.com/questions/9371238/why-is-reading-lines-from-stdin-much-slower-in-c-than-python
Why is it string.join(list) instead of list.join(string)?,"It's because any iterable can be joined (e.g, list, tuple, dict, set), but its contents and the ""joiner"" must be strings. For example: '_'.join(['welcome', 'to', 'stack', 'overflow'])
'_'.join(('welcome', 'to', 'stack', 'overflow')) 'welcome_to_stack_overflow' Using something other than strings will raise the following error: TypeError: sequence item 0: expected str instance, int found","python,string,list",2168,493842,https://stackoverflow.com/questions/493819/why-is-it-string-joinlist-instead-of-list-joinstring
How do I append to a file?,"Set the mode in open() to ""a"" (append) instead of ""w"" (write): with open(""test.txt"", ""a"") as myfile:
    myfile.write(""appended text"") The documentation lists all the available modes.","python,file,append",2139,4706520,https://stackoverflow.com/questions/4706499/how-do-i-append-to-a-file
Is there a way to run Python on Android?,"One way is to use Kivy : Open source Python library for rapid development of applications
  that make use of innovative user interfaces, such as multi-touch apps. Kivy runs on Linux, Windows, OS X, Android and iOS. You can run the same [python] code on all supported platforms. Kivy Showcase app","android,python,jython,ase,android-scripting",2083,8189603,https://stackoverflow.com/questions/101754/is-there-a-way-to-run-python-on-android
Static methods in Python?,"Yep, using the staticmethod decorator: class MyClass(object):
    @staticmethod
    def the_static_method(x):
        print(x)

MyClass.the_static_method(2)  # outputs 2 Note that some code might use the old method of defining a static method, using staticmethod as a function rather than a decorator. This should only be used if you have to support ancient versions of Python (2.2 and 2.3): class MyClass(object):
    def the_static_method(x):
        print(x)
    the_static_method = staticmethod(the_static_method)

MyClass.the_static_method(2)  # outputs 2 This is entirely identical to the first example (using @staticmethod ), just not using the nice decorator syntax. Finally, use staticmethod sparingly! There are very few situations where static-methods are necessary in Python, and I've seen them used many times where a separate ""top-level"" function would have been clearer. The following is verbatim from the documentation: : A static method does not receive an implicit first argument. To declare a static method, use this idiom: class C:
    @staticmethod
    def f(arg1, arg2, ...): ... The @staticmethod form is a function decorator – see the description of function definitions in Function definitions for details. It can be called either on the class (such as C.f() ) or on an instance (such as C().f() ). The instance is ignored except for its class. Static methods in Python are similar to those found in Java or C++. For a more advanced concept, see classmethod() . For more information on static methods, consult the documentation on the standard type hierarchy in The standard type hierarchy . New in version 2.2. Changed in version 2.4: Function decorator syntax added.","python,static-methods",2075,735978,https://stackoverflow.com/questions/735975/static-methods-in-python
How do I split the definition of a long string over multiple lines?,"Are you talking about multi-line strings? Easy, use triple quotes to start and end them. s = """""" this is a very
        long string if I had the
        energy to type more and more ..."""""" You can use single quotes too (3 of them of course at start and end) and treat the resulting string s just like any other string. NOTE : Just as with any string, anything between the starting and ending quotes becomes part of the string, so this example has a leading blank (as pointed out by @root45). This string will also contain both blanks and newlines. I.e.,: ' this is a very\n        long string if I had the\n        energy to type more and more ...' Finally, one can also construct long lines in Python like this: s = (""this is a very""
      ""long string too""
      ""for sure ...""
     ) which will not include any extra blanks or newlines (this is a deliberate example showing what the effect of skipping blanks will result in): 'this is a verylong string toofor sure ...' No commas required, simply place the strings to be joined together into a pair of parenthesis and be sure to account for any needed blanks and newlines.","python,string,multiline,multilinestring",2071,10660443,https://stackoverflow.com/questions/10660435/how-do-i-split-the-definition-of-a-long-string-over-multiple-lines
Installing specific package version with pip,"TL;DR : Update as of 2022-12-28 : pip install --force-reinstall -v For example: pip install --force-reinstall -v ""MySQL_python==1.2.2"" What these options mean: --force-reinstall is an option to reinstall all packages even if they are already up-to-date. -v is for verbose. You can combine for even more verbosity (i.e. -vv ) up to 3 times (e.g. --force-reinstall -vvv ). Thanks to @Peter for highlighting this (and it seems that the context of the question has broadened given the time when the question was first asked!), the documentation for Python discusses a caveat with using -I , in that it can break your installation if it was installed with a different package manager or if if your package is/was a different version. Original answer: pip install -Iv (i.e. pip install -Iv MySQL_python==1.2.2 ) What these options mean: -I stands for --ignore-installed which will ignore the installed packages, overwriting them. -v is for verbose. You can combine for even more verbosity (i.e. -vv ) up to 3 times (e.g. -Ivvv ). For more information, see pip install --help First, I see two issues with what you're trying to do. Since you already have an installed version, you should either uninstall the current existing driver or use pip install -I MySQL_python==1.2.2 However, you'll soon find out that this doesn't work. If you look at pip's installation log, or if you do a pip install -Iv MySQL_python==1.2.2 you'll find that the PyPI URL link does not work for MySQL_python v1.2.2. You can verify this here: http://pypi.python.org/pypi/MySQL-python/1.2.2 The download link 404s and the fallback URL links are re-directing infinitely due to sourceforge.net's recent upgrade and PyPI's stale URL. So to properly install the driver, you can follow these steps: pip uninstall MySQL_python
pip install -Iv http://sourceforge.net/projects/mysql-python/files/mysql-python/1.2.2/MySQL-python-1.2.2.tar.gz/download","python,mysql,pip,pypi,mysql-python",2071,5226504,https://stackoverflow.com/questions/5226311/installing-specific-package-version-with-pip
How to prettyprint a JSON file?,"Use the indent= parameter of json.dump() or json.dumps() to specify how many spaces to indent by: >>> import json
>>> your_json = '[""foo"", {""bar"": [""baz"", null, 1.0, 2]}]'
>>> parsed = json.loads(your_json)
>>> print(json.dumps(parsed, indent=4))
[
    ""foo"",
    {
        ""bar"": [
            ""baz"",
            null,
            1.0,
            2
        ]
    }
] To parse a file, use json.load() : with open('filename.txt', 'r') as handle:
    parsed = json.load(handle)","python,json,formatting,pretty-print",2060,12944035,https://stackoverflow.com/questions/12943819/how-to-prettyprint-a-json-file
How do I get the row count of a Pandas DataFrame?,"For a dataframe df , one can use any of the following: len(df.index) df.shape[0] df[df.columns[0]].count() (== number of non-NaN values in first column) Code to reproduce the plot: import numpy as np
import pandas as pd
import perfplot

perfplot.save(
    ""out.png"",
    setup=lambda n: pd.DataFrame(np.arange(n * 3).reshape(n, 3)),
    n_range=[2**k for k in range(25)],
    kernels=[
        lambda df: len(df.index),
        lambda df: df.shape[0],
        lambda df: df[df.columns[0]].count(),
    ],
    labels=[""len(df.index)"", ""df.shape[0]"", ""df[df.columns[0]].count()""],
    xlabel=""Number of rows"",
)","python,pandas,dataframe",2039,15943975,https://stackoverflow.com/questions/15943769/how-do-i-get-the-row-count-of-a-pandas-dataframe
Getting the class name of an instance,"Have you tried the __name__ attribute of the class? ie type(x).__name__ will give you the name of the class, which I think is what you want. >>> import itertools
>>> x = itertools.count(0)
>>> type(x).__name__
'count' If you're still using Python 2, note that the above method works with new-style classes only (in Python 3+ all classes are ""new-style"" classes). Your code might use some old-style classes. The following works for both: x.__class__.__name__","python,introspection,instanceof,python-datamodel",2034,511059,https://stackoverflow.com/questions/510972/getting-the-class-name-of-an-instance
How do I check if a string represents a number (float or int)?,"Which, not only is ugly and slow I'd dispute both. A regex or other string parsing method would be uglier and slower. I'm not sure that anything much could be faster than the above.  It calls the function and returns.  Try/except doesn't introduce much overhead because the most common exception is caught without an extensive search of stack frames. The issue across programming languages is that any numeric conversion function has two kinds of results: A number, if the number is valid; A status code (e.g., via errno) or exception to show that no valid number could be parsed. C (as an example) hacks around this a number of ways.  Python lays it out clearly and explicitly. I think your code for doing this is just fine. The only thing that could be cleaner is moving the return True into an else block, to be clear that it's not part of the code under test – not that there's much ambiguity. def is_number(s):
    try:
        float(s)
    except ValueError:  # Failed
        return False
    else:  # Succeeded
        return True","python,casting,floating-point,type-conversion,integer",2031,354130,https://stackoverflow.com/questions/354038/how-do-i-check-if-a-string-represents-a-number-float-or-int
What&#39;s the canonical way to check for type in Python?,"Use isinstance to check if o is an instance of str or any subclass of str : if isinstance(o, str): To check if the type of o is exactly str , excluding subclasses of str : if type(o) is str: See Built-in Functions in the Python Library Reference for relevant information. Checking for strings in Python 2 For Python 2, this is a better way to check if o is a string: if isinstance(o, basestring): because this will also catch Unicode strings. unicode is not a subclass of str ; both str and unicode are subclasses of basestring . In Python 3, basestring no longer exists since there's a strict separation of strings ( str ) and binary data ( bytes ). Alternatively, isinstance accepts a tuple of classes. This will return True if o is an instance of any subclass of any of (str, unicode) : if isinstance(o, (str, unicode)):","python,types",2022,152596,https://stackoverflow.com/questions/152580/whats-the-canonical-way-to-check-for-type-in-python
Meaning of @classmethod and @staticmethod for a beginner,"Though classmethod and staticmethod are quite similar, there's a slight difference in usage for both entities: classmethod must have a reference to a class object as the first parameter, whereas staticmethod can have no parameters at all. Example class Date(object):
    
    def __init__(self, day=0, month=0, year=0):
        self.day = day
        self.month = month
        self.year = year

    @classmethod
    def from_string(cls, date_as_string):
        day, month, year = map(int, date_as_string.split('-'))
        date1 = cls(day, month, year)
        return date1

    @staticmethod
    def is_date_valid(date_as_string):
        day, month, year = map(int, date_as_string.split('-'))
        return day <= 31 and month <= 12 and year <= 3999

date2 = Date.from_string('11-09-2012')
is_date = Date.is_date_valid('11-09-2012') Explanation Let's assume an example of a class, dealing with date information (this will be our boilerplate): class Date(object):
    
    def __init__(self, day=0, month=0, year=0):
        self.day = day
        self.month = month
        self.year = year This class obviously could be used to store information about certain dates (without timezone information; let's assume all dates are presented in UTC). Here we have __init__ , a typical initializer of Python class instances, which receives arguments as a typical instance method, having the first non-optional argument ( self ) that holds a reference to a newly created instance. Class Method We have some tasks that can be nicely done using classmethod s. Let's assume that we want to create a lot of Date class instances having date information coming from an outer source encoded as a string with format 'dd-mm-yyyy'. Suppose we have to do this in different places in the source code of our project. So what we must do here is: Parse a string to receive day, month and year as three integer variables or a 3-item tuple consisting of that variable. Instantiate Date by passing those values to the initialization call. This will look like: day, month, year = map(int, string_date.split('-'))
date1 = Date(day, month, year) For this purpose, C++ can implement such a feature with overloading, but Python lacks this overloading. Instead, we can use classmethod . Let's create another constructor . @classmethod
    def from_string(cls, date_as_string):
        day, month, year = map(int, date_as_string.split('-'))
        date1 = cls(day, month, year)
        return date1

date2 = Date.from_string('11-09-2012') Let's look more carefully at the above implementation, and review what advantages we have here: We've implemented date string parsing in one place and it's reusable now. Encapsulation works fine here (if you think that you could implement string parsing as a single function elsewhere, this solution fits the OOP paradigm far better). cls is the class itself , not an instance of the class. It's pretty cool because if we inherit our Date class, all children will have from_string defined also. Static method What about staticmethod ? It's pretty similar to classmethod but doesn't take any obligatory parameters (like a class method or instance method does). Let's look at the next use case. We have a date string that we want to validate somehow. This task is also logically bound to the Date class we've used so far, but doesn't require instantiation of it. Here is where staticmethod can be useful. Let's look at the next piece of code: @staticmethod
    def is_date_valid(date_as_string):
        day, month, year = map(int, date_as_string.split('-'))
        return day <= 31 and month <= 12 and year <= 3999

# usage:
is_date = Date.is_date_valid('11-09-2012') So, as we can see from usage of staticmethod , we don't have any access to what the class is---it's basically just a function,  called syntactically like a method, but without access to the object and its internals (fields and other methods), which classmethod does have.","python,oop,static-methods,class-method",2014,12179752,https://stackoverflow.com/questions/12179271/meaning-of-classmethod-and-staticmethod-for-a-beginner
How can I install packages using pip according to the requirements.txt file from a local directory?,"This works for me: pip install -r requirements.txt --no-index --find-links file:///tmp/packages --no-index - Ignore package index (only look at --find-links URLs instead). -f, --find-links <URL> - If <URL> is a URL or a path to an HTML file, then parse for links to archives. If <URL> is a local path or a file:// URL that's a directory, then look for archives in the directory listing.","python,pip,virtualenv,requirements.txt",2000,10429168,https://stackoverflow.com/questions/7225900/how-can-i-install-packages-using-pip-according-to-the-requirements-txt-file-from
How do I declare custom exceptions in modern Python?,"Maybe I missed the question, but why not: class MyException(Exception):
    pass To override something (or pass extra args), do this: class ValidationError(Exception):
    def __init__(self, message, errors):            
        # Call the base class constructor with the parameters it needs
        super().__init__(message)
            
        # Now for your custom code...
        self.errors = errors That way you could pass dict of error messages to the second param, and get to it later with e.errors . In Python 2, you have to use this slightly more complex form of super() : super(ValidationError, self).__init__(message)","python,python-3.x,exception,python-dataclasses,pep352",1973,1319675,https://stackoverflow.com/questions/1319615/how-do-i-declare-custom-exceptions-in-modern-python
fatal error: Python.h: No such file or directory,"I managed to solve this issue and generate the .so file in one command gcc -shared -o UtilcS.so
-fPIC -I/usr/include/python2.7 -lpython2.7  utilsmodule.c","python,gcc,python-c-api",1944,21548557,https://stackoverflow.com/questions/21530577/fatal-error-python-h-no-such-file-or-directory
Generate random integers between 0 and 9,"Try random.randrange : from random import randrange
print(randrange(10))","python,random,integer",1932,3996930,https://stackoverflow.com/questions/3996904/generate-random-integers-between-0-and-9
What is the meaning of single and double underscore before an object name?,"Single Underscore In a class, names with a leading underscore indicate to other programmers that the attribute or method is intended to be be used inside that class. However, privacy is not enforced in any way.
Using leading underscores for functions in a module indicates it should not be imported from somewhere else. From the PEP-8 style guide: _single_leading_underscore : weak ""internal use"" indicator. E.g. from M import * does not import objects whose name starts with an underscore. Double Underscore (Name Mangling) From the Python docs : Any identifier of the form __spam (at least two leading underscores, at most one trailing underscore) is textually replaced with _classname__spam , where classname is the current class name with leading underscore(s) stripped. This mangling is done without regard to the syntactic position of the identifier, so it can be used to define class-private instance and class variables, methods, variables stored in globals, and even variables stored in instances. private to this class on instances of other classes. And a warning from the same page: Name mangling is intended to give classes an easy way to define “private” instance variables and methods, without having to worry about instance variables defined by derived classes, or mucking with instance variables by code outside the class. Note that the mangling rules are designed mostly to avoid accidents; it still is possible for a determined soul to access or modify a variable that is considered private. Example >>> class MyClass():
...     def __init__(self):
...             self.__superprivate = ""Hello""
...             self._semiprivate = "", world!""
...
>>> mc = MyClass()
>>> print mc.__superprivate
Traceback (most recent call last):
  File ""<stdin>"", line 1, in <module>
AttributeError: myClass instance has no attribute '__superprivate'
>>> print mc._semiprivate
, world!
>>> print mc.__dict__
{'_MyClass__superprivate': 'Hello', '_semiprivate': ', world!'}","python,oop,naming-conventions,identifier",1922,1301369,https://stackoverflow.com/questions/1301346/what-is-the-meaning-of-single-and-double-underscore-before-an-object-name
Relative imports for the billionth time,"Script vs. Module Here's an explanation.  The short version is that there is a big difference between directly running a Python file, and importing that file from somewhere else. Just knowing what directory a file is in does not determine what package Python thinks it is in. That depends, additionally, on how you load the file into Python (by running or by importing). There are two ways to load a Python file: as the top-level script, or as a
module.  A file is loaded as the top-level script if you execute it directly, for instance by typing python myfile.py on the command line.  It is loaded as a module when an import statement is encountered inside some other file.  There can only be one top-level script at a time; the top-level script is the Python file you ran to start things off. Naming When a file is loaded, it is given a name (which is stored in its __name__ attribute).  If it was loaded as the top-level script, its name is __main__ .  If it was loaded as a module, its name is the filename, preceded by the names of any packages/subpackages of which it is a part, separated by dots. So for instance in your example: package/
    __init__.py
    subpackage1/
        __init__.py
        moduleX.py
    moduleA.py if you imported moduleX (note: imported , not directly executed), its name would be package.subpackage1.moduleX .  If you imported moduleA , its name would be package.moduleA .  However, if you directly run moduleX from the command line, its name will instead be __main__ , and if you directly run moduleA from the command line, its name will be __main__ .  When a module is run as the top-level script, it loses its normal name and its name is instead __main__ . Accessing a module NOT through its containing package There is an additional wrinkle: the module's name depends on whether it was imported ""directly"" from the directory it is in or imported via a package.  This only makes a difference if you run Python in a directory, and try to import a file in that same directory (or a subdirectory of it).  For instance, if you start the Python interpreter in the directory package/subpackage1 and then do import moduleX , the name of moduleX will just be moduleX , and not package.subpackage1.moduleX .  This is because Python adds the current directory to its search path when the interpreter is entered interactively; if it finds the to-be-imported module in the current directory, it will not know that that directory is part of a package, and the package information will not become part of the module's name. A special case is if you run the interpreter interactively (e.g., just type python and start entering Python code on the fly).  In this case, the name of that interactive session is __main__ . Now here is the crucial thing for your error message: if a module's name has no dots, it is not considered to be part of a package .  It doesn't matter where the file actually is on disk.  All that matters is what its name is, and its name depends on how you loaded it. Now look at the quote you included in your question: Relative imports use a module's name attribute to determine that module's position in the package hierarchy. If the module's name does not contain any package information (e.g. it is set to 'main') then relative imports are resolved as if the module were a top-level module, regardless of where the module is actually located on the file system. Relative imports... Relative imports use the module's name to determine where it is in a package.  When you use a relative import like from .. import foo , the dots indicate to step up some number of levels in the package hierarchy.  For instance, if your current module's name is package.subpackage1.moduleX , then ..moduleA would mean package.moduleA .  For a from .. import to work, the module's name must have at least as many dots as there are in the import statement. ... are only relative in a package However, if your module's name is __main__ , it is not considered to be in a package.  Its name has no dots, and therefore you cannot use from .. import statements inside it.  If you try to do so, you will get the ""relative-import in non-package"" error. Scripts can't import relative What you probably did is you tried to run moduleX or the like from the command line.  When you did this, its name was set to __main__ , which means that relative imports within it will fail, because its name does not reveal that it is in a package. Note that this will also happen if you run Python from the same directory where a module is, and then try to import that module, because, as described above, Python will find the module in the current directory ""too early"" without realizing it is part of a package. Also remember that when you run the interactive interpreter, the ""name"" of that interactive session is always __main__ .  Thus you cannot do relative imports directly from an interactive session .  Relative imports are only for use within module files. Two solutions: If you really do want to run moduleX directly, but you still want it to be considered part of a package, you can do python -m package.subpackage1.moduleX .  The -m tells Python to load it as a module, not as the top-level script. Or perhaps you don't actually want to run moduleX , you just want to run some other script, say myfile.py , that uses functions inside moduleX .  If that is the case, put myfile.py somewhere else – not inside the package directory – and run it.  If inside myfile.py you do things like from package.moduleA import spam , it will work fine. Notes For either of these solutions, the package directory ( package in your example) must be accessible from the Python module search path ( sys.path ).  If it is not, you will not be able to use anything in the package reliably at all. Since Python 2.6, the module's ""name"" for package-resolution purposes is determined not just by its __name__ attributes but also by the __package__ attribute.  That's why I'm avoiding using the explicit symbol __name__ to refer to the module's ""name"".  Since Python 2.6 a module's ""name"" is effectively __package__ + '.' + __name__ , or just __name__ if __package__ is None .)","python,python-import,relative-path,python-packaging,relative-import",1903,14132912,https://stackoverflow.com/questions/14132789/relative-imports-for-the-billionth-time
Relative imports in Python 3,"unfortunately, this module needs to be inside the package, and it also
needs to be runnable as a script, sometimes. Any idea how I could
achieve that? It's quite common to have a layout like this... main.py
mypackage/
    __init__.py
    mymodule.py
    myothermodule.py ...with a mymodule.py like this... #!/usr/bin/env python3

# Exported function
def as_int(a):
    return int(a)

# Test function for module  
def _test():
    assert as_int('1') == 1

if __name__ == '__main__':
    _test() ...a myothermodule.py like this... #!/usr/bin/env python3

from .mymodule import as_int

# Exported function
def add(a, b):
    return as_int(a) + as_int(b)

# Test function for module  
def _test():
    assert add('1', '1') == 2

if __name__ == '__main__':
    _test() ...and a main.py like this... #!/usr/bin/env python3

from mypackage.myothermodule import add

def main():
    print(add('1', '1'))

if __name__ == '__main__':
    main() ...which works fine when you run main.py or mypackage/mymodule.py , but fails with mypackage/myothermodule.py , due to the relative import... from .mymodule import as_int The way you're supposed to run it is... python3 -m mypackage.myothermodule ...but it's somewhat verbose, and doesn't mix well with a shebang line like #!/usr/bin/env python3 . The simplest fix for this case, assuming the name mymodule is globally unique, would be to avoid using relative imports, and just use... from mymodule import as_int ...although, if it's not unique, or your package structure is more complex, you'll need to include the directory containing your package directory in PYTHONPATH , and do it like this... from mypackage.mymodule import as_int ...or if you want it to work ""out of the box"", you can frob the PYTHONPATH in code first with this... import sys
import os

SCRIPT_DIR = os.path.dirname(os.path.realpath(__file__))
sys.path.append(os.path.dirname(SCRIPT_DIR))

from mypackage.mymodule import as_int It's kind of a pain, but there's a clue as to why in an email written by a certain Guido van Rossum... I'm -1 on this and on any other proposed twiddlings of the __main__ machinery. The only use case seems to be running scripts that happen
to be living inside a module's directory, which I've always seen as an
antipattern. To make me change my mind you'd have to convince me that
it isn't. Whether running scripts inside a package is an antipattern or not is subjective, but personally I find it really useful in a package I have which contains some custom wxPython widgets, so I can run the script for any of the source files to display a wx.Frame containing only that widget for testing purposes.","python,python-3.x,python-import",1891,16985066,https://stackoverflow.com/questions/16981921/relative-imports-in-python-3
How do I write JSON data to a file?,"data is a Python dictionary. It needs to be encoded as JSON before writing. Use this for maximum compatibility (Python 2 and 3): import json
with open('data.json', 'w') as f:
    json.dump(data, f) On a modern system (i.e. Python 3 and UTF-8 support), you can write a nicer file using: import json
with open('data.json', 'w', encoding='utf-8') as f:
    json.dump(data, f, ensure_ascii=False, indent=4) See json documentation.","python,json",1885,12309296,https://stackoverflow.com/questions/12309269/how-do-i-write-json-data-to-a-file
Use different Python version with virtualenv,"NOTE: For Python 3.3+ , see The Aelfinn's answer below. Use the --python (or short -p ) option when creating a virtualenv instance to specify the Python executable you want to use, e.g.: virtualenv --python=""/usr/bin/python2.6"" ""/path/to/new/virtualenv/""","python,virtualenv,virtualenvwrapper",1883,1534343,https://stackoverflow.com/questions/1534210/use-different-python-version-with-virtualenv
Extracting extension from filename,"Use os.path.splitext : >>> import os
>>> filename, file_extension = os.path.splitext('/path/to/somefile.ext')
>>> filename
'/path/to/somefile'
>>> file_extension
'.ext' Unlike most manual string-splitting attempts, os.path.splitext will correctly treat /a/b.c/d as having no extension instead of having extension .c/d , and it will treat .bashrc as having no extension instead of having extension .bashrc : >>> os.path.splitext('/a/b.c/d')
('/a/b.c/d', '')
>>> os.path.splitext('.bashrc')
('.bashrc', '')","python,filenames,file-extension",1879,541394,https://stackoverflow.com/questions/541390/extracting-extension-from-filename
How can I import a module dynamically given the full path?,"Let's have MyClass in module.name module defined at /path/to/file.py . Below is how we import MyClass from this module For Python 3.5+ use ( docs ): import importlib.util
import sys
spec = importlib.util.spec_from_file_location(""module.name"", ""/path/to/file.py"")
foo = importlib.util.module_from_spec(spec)
sys.modules[""module.name""] = foo
spec.loader.exec_module(foo)
foo.MyClass() For Python 3.3 and 3.4 use: from importlib.machinery import SourceFileLoader

foo = SourceFileLoader(""module.name"", ""/path/to/file.py"").load_module()
foo.MyClass() (Although this has been deprecated in Python 3.4.) For Python 2 use: import imp

foo = imp.load_source('module.name', '/path/to/file.py')
foo.MyClass() There are equivalent convenience functions for compiled Python files and DLLs. See also http://bugs.python.org/issue21436 .","python,python-import,python-module",1876,67692,https://stackoverflow.com/questions/67631/how-can-i-import-a-module-dynamically-given-the-full-path
How do I get time of a Python program&#39;s execution?,"The simplest way in Python: import time
start_time = time.time()
main()
print(""--- %s seconds ---"" % (time.time() - start_time)) This assumes that your program takes at least a tenth of second to run. Prints: --- 0.764891862869 seconds ---","python,time,execution-time",1833,1557584,https://stackoverflow.com/questions/1557571/how-do-i-get-time-of-a-python-programs-execution
How do I print to stderr in Python?,"I found this to be the only one short, flexible, portable and readable: import sys

def eprint(*args, **kwargs):
    print(*args, file=sys.stderr, **kwargs) The optional function eprint saves some repetition. It can be used in the same way as the standard print function: >>> print(""Test"")
Test
>>> eprint(""Test"")
Test
>>> eprint(""foo"", ""bar"", ""baz"", sep=""---"")
foo---bar---baz","python,printing,stderr",1822,14981125,https://stackoverflow.com/questions/5574702/how-do-i-print-to-stderr-in-python
Random string generation with upper case letters and digits,"Answer in one line: ''.join(random.choice(string.ascii_uppercase + string.digits) for _ in range(N)) or even shorter starting with Python 3.6 using random.choices() : ''.join(random.choices(string.ascii_uppercase + string.digits, k=N)) A cryptographically more secure version: see this post ''.join(random.SystemRandom().choice(string.ascii_uppercase + string.digits) for _ in range(N)) In details, with a clean function for further reuse: >>> import string
>>> import random
>>> def id_generator(size=6, chars=string.ascii_uppercase + string.digits):
...    return ''.join(random.choice(chars) for _ in range(size))
...
>>> id_generator()
'G5G74W'
>>> id_generator(3, ""6793YUIO"")
'Y3U' How does it work ? We import string , a module that contains sequences of common ASCII characters, and random , a module that deals with random generation. string.ascii_uppercase + string.digits just concatenates the list of characters representing uppercase ASCII chars and digits: >>> string.ascii_uppercase
'ABCDEFGHIJKLMNOPQRSTUVWXYZ'
>>> string.digits
'0123456789'
>>> string.ascii_uppercase + string.digits
'ABCDEFGHIJKLMNOPQRSTUVWXYZ0123456789' Then we use a list comprehension to create a list of 'n' elements: >>> range(4) # range create a list of 'n' numbers
[0, 1, 2, 3]
>>> ['elem' for _ in range(4)] # we use range to create 4 times 'elem'
['elem', 'elem', 'elem', 'elem'] In the example above, we use [ to create the list, but we don't in the id_generator function so Python doesn't create the list in memory, but generates the elements on the fly, one by one (more about this here ). Instead of asking to create 'n' times the string elem , we will ask Python to create 'n' times a random character, picked from a sequence of characters: >>> random.choice(""abcde"")
'a'
>>> random.choice(""abcde"")
'd'
>>> random.choice(""abcde"")
'b' Therefore random.choice(chars) for _ in range(size) really is creating a sequence of size characters. Characters that are randomly picked from chars : >>> [random.choice('abcde') for _ in range(3)]
['a', 'b', 'b']
>>> [random.choice('abcde') for _ in range(3)]
['e', 'b', 'e']
>>> [random.choice('abcde') for _ in range(3)]
['d', 'a', 'c'] Then we just join them with an empty string so the sequence becomes a string: >>> ''.join(['a', 'b', 'b'])
'abb'
>>> [random.choice('abcde') for _ in range(3)]
['d', 'c', 'b']
>>> ''.join(random.choice('abcde') for _ in range(3))
'dac'","python,string,random",1821,2257449,https://stackoverflow.com/questions/2257441/random-string-generation-with-upper-case-letters-and-digits
What is the best way of implementing a singleton in Python?,"You just need a decorator, different depending on the python version. Notice how foo gets printed only once. Python 3.2+ Implementation : from functools import lru_cache

@lru_cache(maxsize=None)
class CustomClass(object):

    def __init__(self, arg):
        print(f""CustomClass initialised with {arg}"")
        self.arg = arg Usage c1 = CustomClass(""foo"")
c2 = CustomClass(""foo"")
c3 = CustomClass(""bar"")

print(c1 == c2)
print(c1 == c3) Output >>> CustomClass initialised with foo
>>> CustomClass initialised with bar
>>> True
>>> False Python 3.9+ Implementation : from functools import cache

@cache
class CustomClass(object):
    ...","python,singleton,decorator,base-class,metaclass",1812,73988733,https://stackoverflow.com/questions/6760685/what-is-the-best-way-of-implementing-a-singleton-in-python
What does __all__ mean in Python?,"It's a list of public objects of that module, as interpreted by import * . It overrides the default of hiding everything that begins with an underscore.","python,syntax,namespaces,python-import",1809,44842,https://stackoverflow.com/questions/44834/what-does-all-mean-in-python
Save plot to image file instead of displaying it,"When using matplotlib.pyplot.savefig , the file format can be specified by the extension: from matplotlib import pyplot as plt

plt.savefig('foo.png')
plt.savefig('foo.pdf') That gives a rasterized or vectorized output respectively.
In addition, there is sometimes undesirable whitespace around the image, which can be removed with: plt.savefig('foo.png', bbox_inches='tight') Note that if showing the plot, plt.show() should follow plt.savefig() ; otherwise, the file image will be blank.","python,matplotlib,savefig",1807,9890599,https://stackoverflow.com/questions/9622163/save-plot-to-image-file-instead-of-displaying-it
Selecting multiple columns in a Pandas dataframe,"The column names (which are strings) cannot be sliced in the manner you tried. Here you have a couple of options. If you know from context which variables you want to slice out, you can just return a view of only those columns by passing a list into the __getitem__ syntax (the []'s). df1 = df[['a', 'b']] Alternatively, if it matters to index them numerically and not by their name (say your code should automatically do this without knowing the names of the first two columns) then you can do this instead: df1 = df.iloc[:, 0:2] # Remember that Python does not slice inclusive of the ending index. Additionally, you should familiarize yourself with the idea of a view into a Pandas object vs. a copy of that object. The first of the above methods will return a new copy in memory of the desired sub-object (the desired slices). Sometimes, however, there are indexing conventions in Pandas that don't do this and instead give you a new variable that just refers to the same chunk of memory as the sub-object or slice in the original object. This will happen with the second way of indexing, so you can modify it with the .copy() method to get a regular copy. When this happens, changing what you think is the sliced object can sometimes alter the original object. Always good to be on the look out for this. df1 = df.iloc[0, 0:2].copy() # To avoid the case where changing df1 also changes df To use iloc , you need to know the column positions (or indices). As the column positions may change, instead of hard-coding indices, you can use iloc along with get_loc function of columns method of dataframe object to obtain column indices. {df.columns.get_loc(c): c for idx, c in enumerate(df.columns)} Now you can use this dictionary to access columns through names and using iloc .","python,pandas,dataframe,select,indexing",1801,11287278,https://stackoverflow.com/questions/11285613/selecting-multiple-columns-in-a-pandas-dataframe
Make a dictionary (dict) from separate lists of keys and values,"Like this: keys = ['a', 'b', 'c']
values = [1, 2, 3]
dictionary = dict(zip(keys, values))
print(dictionary) # {'a': 1, 'b': 2, 'c': 3} Voila :-)  The pairwise dict constructor and zip function are awesomely useful.","python,list,dictionary,key",1798,209854,https://stackoverflow.com/questions/209840/make-a-dictionary-dict-from-separate-lists-of-keys-and-values
How do I get the filename without the extension from a path in Python?,"Python 3.4+ Use pathlib.Path.stem >>> from pathlib import Path
>>> Path(""/path/to/file.txt"").stem
'file'
>>> Path(""/path/to/file.tar.gz"").stem
'file.tar' Python < 3.4 Use os.path.splitext in combination with os.path.basename : >>> os.path.splitext(os.path.basename(""/path/to/file.txt""))[0]
'file'
>>> os.path.splitext(os.path.basename(""/path/to/file.tar.gz""))[0]
'file.tar'","python,string,path",1793,678242,https://stackoverflow.com/questions/678236/how-do-i-get-the-filename-without-the-extension-from-a-path-in-python
How do I profile a Python script?,"Python includes a profiler called cProfile . It not only gives the total running time, but also times each function separately, and tells you how many times each function was called, making it easy to determine where you should make optimizations. You can call it from within your code, or from the interpreter, like this: import cProfile
cProfile.run('foo()') Even more usefully, you can invoke cProfile when running a script: python -m cProfile myscript.py Or when running a module: python -m cProfile -m mymodule To make it even easier, I made a little batch file called 'profile.bat': python -m cProfile %1 So all I have to do is run: profile euler048.py And I get this: 1007 function calls in 0.061 CPU seconds

Ordered by: standard name
ncalls  tottime  percall  cumtime  percall filename:lineno(function)
    1    0.000    0.000    0.061    0.061 <string>:1(<module>)
 1000    0.051    0.000    0.051    0.000 euler048.py:2(<lambda>)
    1    0.005    0.005    0.061    0.061 euler048.py:2(<module>)
    1    0.000    0.000    0.061    0.061 {execfile}
    1    0.002    0.002    0.053    0.053 {map}
    1    0.000    0.000    0.000    0.000 {method 'disable' of '_lsprof.Profiler objects}
    1    0.000    0.000    0.000    0.000 {range}
    1    0.003    0.003    0.003    0.003 {sum} For more information, check out this tutorial from PyCon 2013 titled Python Profiling Also via YouTube .","python,performance,optimization,time-complexity,profiling",1760,582337,https://stackoverflow.com/questions/582336/how-do-i-profile-a-python-script
if/else in a list comprehension,"You can totally do that. It's just an ordering issue: [f(x) if x is not None else '' for x in xs] In general, [f(x) if condition else g(x) for x in sequence] And, for list comprehensions with if conditions only, [f(x) for x in sequence if condition] Note that this actually uses a different language construct, a conditional expression , which itself is not part of the comprehension syntax , while the if after the for…in is part of list comprehensions and used to filter elements from the source iterable. Conditional expressions can be used in all kinds of situations where you want to choose between two expression values based on some condition. This does the same as the ternary operator ?: that exists in other languages . For example: value = 123
print(value, 'is', 'even' if value % 2 == 0 else 'odd')","python,list,if-statement,list-comprehension",1748,4260304,https://stackoverflow.com/questions/4260280/if-else-in-a-list-comprehension
How to check for NaN values,"Use math.isnan : >>> import math
>>> x = float('nan')
>>> math.isnan(x)
True","python,math,nan",1728,944733,https://stackoverflow.com/questions/944700/how-to-check-for-nan-values
How to put the legend outside the plot,"You can make the legend text smaller by specifying set_size of FontProperties . Resources: Legend guide matplotlib.legend matplotlib.pyplot.legend matplotlib.font_manager set_size(self, size) Valid font size are xx-small , x-small , small , medium , large , x-large , xx-large , larger , smaller , and None . Real Python: Python Plotting With Matplotlib (Guide) import matplotlib.pyplot as plt
from matplotlib.font_manager import FontProperties

fontP = FontProperties()
fontP.set_size('xx-small')

p1, = plt.plot([1, 2, 3], label='Line 1')
p2, = plt.plot([3, 2, 1], label='Line 2')
plt.legend(handles=[p1, p2], title='title', bbox_to_anchor=(1.05, 1), loc='upper left', prop=fontP) fontsize='xx-small' also works, without importing FontProperties . plt.legend(handles=[p1, p2], title='title', bbox_to_anchor=(1.05, 1), loc='upper left', fontsize='xx-small')","python,matplotlib,seaborn,legend",1727,4700674,https://stackoverflow.com/questions/4700614/how-to-put-the-legend-outside-the-plot
Why do Python classes inherit object?,"Is there any reason for a class declaration to inherit from object ? In Python 3, apart from compatibility between Python 2 and 3, no reason . In Python 2, many reasons . Python 2.x story: In Python 2.x (from 2.2 onwards) there's two styles of classes depending on the presence or absence of object as a base-class: ""classic"" style classes: they don't have object as a base class: >>> class ClassicSpam:      # no base class
...     pass
>>> ClassicSpam.__bases__
() ""new"" style classes: they have, directly or indirectly (e.g inherit from a built-in type ), object as a base class: >>> class NewSpam(object):           # directly inherit from object
...    pass
>>> NewSpam.__bases__
(<type 'object'>,)
>>> class IntSpam(int):              # indirectly inherit from object...
...    pass
>>> IntSpam.__bases__
(<type 'int'>,) 
>>> IntSpam.__bases__[0].__bases__   # ... because int inherits from object  
(<type 'object'>,) Without a doubt, when writing a class you'll always want to go for new-style classes. The perks of doing so are numerous, to list some of them: Support for descriptors . Specifically, the following constructs are made possible with descriptors: classmethod : A method that receives the class as an implicit argument instead of the instance. staticmethod : A method that does not receive the implicit argument self as a first argument. properties with property : Create functions for managing the getting, setting and deleting of an attribute. __slots__ : Saves memory consumptions of a class and also results in faster attribute access. Of course, it does impose limitations . The __new__ static method: lets you customize how new class instances are created. Method resolution order (MRO) : in what order the base classes of a class will be searched when trying to resolve which method to call. Related to MRO, super calls . Also see, super() considered super. If you don't inherit from object , forget these. A more exhaustive description of the previous bullet points along with other perks of ""new"" style classes can be found here . One of the downsides of new-style classes is that the class itself is more memory demanding. Unless you're creating many class objects, though, I doubt this would be an issue and it's a negative sinking in a sea of positives. Python 3.x story: In Python 3, things are simplified. Only new-style classes exist (referred to plainly as classes) so, the only difference in adding object is requiring you to type in 8 more characters. This: class ClassicSpam:
    pass is completely equivalent (apart from their name :-) to this: class NewSpam(object):
     pass and to this: class Spam():
    pass All have object in their __bases__ . >>> [object in cls.__bases__ for cls in {Spam, NewSpam, ClassicSpam}]
[True, True, True] So, what should you do? In Python 2: always inherit from object explicitly . Get the perks. In Python 3: inherit from object if you are writing code that tries to be Python agnostic, that is, it needs to work both in Python 2 and in Python 3. Otherwise don't, it really makes no difference since Python inserts it for you behind the scenes.","python,class,oop,object,inheritance",1717,45062077,https://stackoverflow.com/questions/4015417/why-do-python-classes-inherit-object
Replacements for switch statement in Python?,"Python 3.10 (2021) introduced the match - case statement, which provides a first-class implementation of a ""switch"" for Python. For example: def f(x):
    match x:
        case 'a':
            return 1
        case 'b':
            return 2
        case _:
            return 0   # 0 is the default case if x is not found The match - case statement is considerably more powerful than this simple example. Documentation: match statements (under the ""More Control Flow Tools"" page) The match statement (under ""Compound statements"" page) PEP 634 – Structural Pattern Matching: Specification PEP 636 – Structural Pattern Matching: Tutorial If you need to support Python ≤ 3.9, use a dictionary instead: def f(x):
    return {
        'a': 1,
        'b': 2,
    }.get(x, 0)  # default case","python,switch-statement",1716,60211,https://stackoverflow.com/questions/60208/replacements-for-switch-statement-in-python
How do I reverse a string in Python?,"Using slicing : >>> 'hello world'[::-1]
'dlrow olleh' Slice notation takes the form [start:stop:step] . In this case, we omit the start and stop positions since we want the whole string. We also use step = -1 , which means, ""repeatedly step from right to left by 1 character"".","python,string",1713,931095,https://stackoverflow.com/questions/931092/how-do-i-reverse-a-string-in-python
How do I check if a directory exists in Python?,"Use os.path.isdir for directories only: >>> import os
>>> os.path.isdir('new_folder')
True Use os.path.exists for both files and directories: >>> import os
>>> os.path.exists(os.path.join(os.getcwd(), 'new_folder', 'file.txt'))
False Alternatively, you can use pathlib : >>> from pathlib import Path
 >>> Path('new_folder').is_dir()
 True
 >>> (Path.cwd() / 'new_folder' / 'file.txt').exists()
 False","python,directory",1681,8933290,https://stackoverflow.com/questions/8933237/how-do-i-check-if-a-directory-exists-in-python
What is setup.py?,"setup.py is a Python file, the presence of which is an indication that the module/package you are about to install has likely been packaged and distributed with Distutils , which is the standard for distributing Python Modules. This allows you to easily install Python packages . Often it's enough to write: $ pip install . pip will use setup.py to install your module. Avoid calling setup.py directly.","python,pypi,setup.py,python-packaging",1657,1472014,https://stackoverflow.com/questions/1471994/what-is-setup-py
What is the Python 3 equivalent of &quot;python -m SimpleHTTPServer&quot;,"From the docs : The SimpleHTTPServer module has been merged into http.server in Python 3.0. The 2to3 tool will automatically adapt imports when converting your sources to 3.0. So, your command is python -m http.server , or depending on your installation, it can be: python3 -m http.server","python,python-3.x,httpserver,simplehttpserver",1653,7943768,https://stackoverflow.com/questions/7943751/what-is-the-python-3-equivalent-of-python-m-simplehttpserver
How can I flush the output of the print function?,"In Python 3, print can take an optional flush argument: print(""Hello, World!"", flush=True) In Python 2, after calling print , do: import sys
sys.stdout.flush() By default, print prints to sys.stdout (see the documentation for more about file objects ).","python,printing,flush,output-buffering",1644,230774,https://stackoverflow.com/questions/230751/how-can-i-flush-the-output-of-the-print-function
Catch and print full Python exception traceback without halting/exiting the program,"Some other answer have already pointed out the traceback module. Please notice that with print_exc , in some corner cases, you will not obtain what you would expect. In Python 2.x: import traceback

try:
    raise TypeError(""Oups!"")
except Exception, err:
    try:
        raise TypeError(""Again !?!"")
    except:
        pass

    traceback.print_exc() ...will display the traceback of the last exception: Traceback (most recent call last):
  File ""e.py"", line 7, in <module>
    raise TypeError(""Again !?!"")
TypeError: Again !?! If you really need to access the original traceback one solution is to cache the exception infos as returned from exc_info in a local variable and display it using print_exception : import traceback
import sys

try:
    raise TypeError(""Oups!"")
except Exception, err:
    try:
        exc_info = sys.exc_info()

        # do you usefull stuff here
        # (potentially raising an exception)
        try:
            raise TypeError(""Again !?!"")
        except:
            pass
        # end of useful stuff


    finally:
        # Display the *original* exception
        traceback.print_exception(*exc_info)
        del exc_info Producing: Traceback (most recent call last):
  File ""t.py"", line 6, in <module>
    raise TypeError(""Oups!"")
TypeError: Oups! Few pitfalls with this though: From the doc of sys_info : Assigning the traceback return value to a local variable in a function that is handling an exception will cause a circular reference . This will prevent anything referenced by a local variable in the same function or by the traceback from being garbage collected. [...] If you do need the traceback, make sure to delete it after use (best done with a try ... finally statement) but, from the same doc: Beginning with Python 2.2, such cycles are automatically reclaimed when garbage collection is enabled and they become unreachable, but it remains more efficient to avoid creating cycles. On the other hand, by allowing you to access the traceback associated with an exception, Python 3 produce a less surprising result: import traceback

try:
    raise TypeError(""Oups!"")
except Exception as err:
    try:
        raise TypeError(""Again !?!"")
    except:
        pass

    traceback.print_tb(err.__traceback__) ... will display: File ""e3.py"", line 4, in <module>
    raise TypeError(""Oups!"")","python,exception,try-catch,traceback",1625,16946886,https://stackoverflow.com/questions/3702675/catch-and-print-full-python-exception-traceback-without-halting-exiting-the-prog
Create a dictionary with comprehension,"Use a dict comprehension (Python 2.7 and later): {key: value for key, value in zip(keys, values)} Alternatively, use the dict constructor: pairs = [('a', 1), ('b', 2)]
dict(pairs)                          # → {'a': 1, 'b': 2}
dict((k, v + 10) for k, v in pairs)  # → {'a': 11, 'b': 12} Given separate lists of keys and values, use the dict constructor with zip : keys = ['a', 'b']
values = [1, 2]
dict(zip(keys, values))              # → {'a': 1, 'b': 2}","python,dictionary,list-comprehension,dictionary-comprehension",1614,1747827,https://stackoverflow.com/questions/1747817/create-a-dictionary-with-comprehension
Use of *args and **kwargs,"The syntax is the * and ** .  The names *args and **kwargs are only by convention but there's no hard requirement to use them. You would use *args when you're not sure how many arguments might be passed to your function, i.e. it allows you pass an arbitrary number of arguments to your function.  For example: >>> def print_everything(*args):
        for count, thing in enumerate(args):
...         print( '{0}. {1}'.format(count, thing))
...
>>> print_everything('apple', 'banana', 'cabbage')
0. apple
1. banana
2. cabbage Similarly, **kwargs allows you to handle named arguments that you have not defined in advance: >>> def table_things(**kwargs):
...     for name, value in kwargs.items():
...         print( '{0} = {1}'.format(name, value))
...
>>> table_things(apple = 'fruit', cabbage = 'vegetable')
cabbage = vegetable
apple = fruit You can use these along with named arguments too.  The explicit arguments get values first and then everything else is passed to *args and **kwargs .  The named arguments come first in the list.  For example: def table_things(titlestring, **kwargs) You can also use both in the same function definition but *args must occur before **kwargs . You can also use the * and ** syntax when calling a function.  For example: >>> def print_three_things(a, b, c):
...     print( 'a = {0}, b = {1}, c = {2}'.format(a,b,c))
...
>>> mylist = ['aardvark', 'baboon', 'cat']
>>> print_three_things(*mylist)
a = aardvark, b = baboon, c = cat As you can see in this case it takes the list (or tuple) of items and unpacks it. By this it matches them to the arguments in the function.  Of course, you could have a * both in the function definition and in the function call.","python,args,keyword-argument",1599,3394898,https://stackoverflow.com/questions/3394835/use-of-args-and-kwargs
Convert integer to string in Python,">>> str(42)
'42'

>>> int('42')
42 Links to the documentation: int() str() str(x) converts any object x to a string by calling x. __str__() , or repr(x) if x doesn't have a __str__() method.","python,string,integer",1596,961638,https://stackoverflow.com/questions/961632/convert-integer-to-string-in-python
Change column type in pandas,"You have four main options for converting types in pandas: to_numeric() - provides functionality to safely convert non-numeric types (e.g. strings) to a suitable numeric type. (See also to_datetime() and to_timedelta() .) astype() - convert (almost) any type to (almost) any other type (even if it's not necessarily sensible to do so). Also allows you to convert to categorial types (very useful). infer_objects() - a utility method to convert object columns holding Python objects to a pandas type if possible. convert_dtypes() - convert DataFrame columns to the ""best possible""  dtype that supports pd.NA (pandas' object to indicate a missing value). Read on for more detailed explanations and usage of each of these methods. 1. to_numeric() The best way to convert one or more columns of a DataFrame to numeric values is to use pandas.to_numeric() . This function will try to change non-numeric objects (such as strings) into integers or floating-point numbers as appropriate. Basic usage The input to to_numeric() is a Series or a single column of a DataFrame. >>> s = pd.Series([""8"", 6, ""7.5"", 3, ""0.9""]) # mixed string and numeric values
>>> s
0      8
1      6
2    7.5
3      3
4    0.9
dtype: object

>>> pd.to_numeric(s) # convert everything to float values
0    8.0
1    6.0
2    7.5
3    3.0
4    0.9
dtype: float64 As you can see, a new Series is returned. Remember to assign this output to a variable or column name to continue using it: # convert Series
my_series = pd.to_numeric(my_series)

# convert column ""a"" of a DataFrame
df[""a""] = pd.to_numeric(df[""a""]) You can also use it to convert multiple columns of a DataFrame via the apply() method: # convert all columns of DataFrame
df = df.apply(pd.to_numeric) # convert all columns of DataFrame

# convert just columns ""a"" and ""b""
df[[""a"", ""b""]] = df[[""a"", ""b""]].apply(pd.to_numeric) As long as your values can all be converted, that's probably all you need. Error handling But what if some values can't be converted to a numeric type? to_numeric() also takes an errors keyword argument that allows you to force non-numeric values to be NaN , or simply ignore columns containing these values. Here's an example using a Series of strings s which has the object dtype: >>> s = pd.Series(['1', '2', '4.7', 'pandas', '10'])
>>> s
0         1
1         2
2       4.7
3    pandas
4        10
dtype: object The default behaviour is to raise if it can't convert a value. In this case, it can't cope with the string 'pandas': >>> pd.to_numeric(s) # or pd.to_numeric(s, errors='raise')
ValueError: Unable to parse string Rather than fail, we might want 'pandas' to be considered a missing/bad numeric value. We can coerce invalid values to NaN as follows using the errors keyword argument: >>> pd.to_numeric(s, errors='coerce')
0     1.0
1     2.0
2     4.7
3     NaN
4    10.0
dtype: float64 The third option for errors is just to ignore the operation if an invalid value is encountered: >>> pd.to_numeric(s, errors='ignore')
# the original Series is returned untouched This last option is particularly useful for converting your entire DataFrame, but don't know which of our columns can be converted reliably to a numeric type. In that case, just write: df.apply(pd.to_numeric, errors='ignore') The function will be applied to each column of the DataFrame. Columns that can be converted to a numeric type will be converted, while columns that cannot (e.g. they contain non-digit strings or dates) will be left alone. Downcasting By default, conversion with to_numeric() will give you either an int64 or float64 dtype (or whatever integer width is native to your platform). That's usually what you want, but what if you wanted to save some memory and use a more compact dtype, like float32 , or int8 ? to_numeric() gives you the option to downcast to either 'integer' , 'signed' , 'unsigned' , 'float' . Here's an example for a simple series s of integer type: >>> s = pd.Series([1, 2, -7])
>>> s
0    1
1    2
2   -7
dtype: int64 Downcasting to 'integer' uses the smallest possible integer that can hold the values: >>> pd.to_numeric(s, downcast='integer')
0    1
1    2
2   -7
dtype: int8 Downcasting to 'float' similarly picks a smaller than normal floating type: >>> pd.to_numeric(s, downcast='float')
0    1.0
1    2.0
2   -7.0
dtype: float32 2. astype() The astype() method enables you to be explicit about the dtype you want your DataFrame or Series to have. It's very versatile in that you can try and go from one type to any other. Basic usage Just pick a type: you can use a NumPy dtype (e.g. np.int16 ), some Python types (e.g. bool), or pandas-specific types (like the categorical dtype). Call the method on the object you want to convert and astype() will try and convert it for you: # convert all DataFrame columns to the int64 dtype
df = df.astype(int)

# convert column ""a"" to int64 dtype and ""b"" to complex type
df = df.astype({""a"": int, ""b"": complex})

# convert Series to float16 type
s = s.astype(np.float16)

# convert Series to Python strings
s = s.astype(str)

# convert Series to categorical type - see docs for more details
s = s.astype('category') Notice I said ""try"" - if astype() does not know how to convert a value in the Series or DataFrame, it will raise an error. For example, if you have a NaN or inf value you'll get an error trying to convert it to an integer. As of pandas 0.20.0, this error can be suppressed by passing errors='ignore' . Your original object will be returned untouched. Be careful astype() is powerful, but it will sometimes convert values ""incorrectly"". For example: >>> s = pd.Series([1, 2, -7])
>>> s
0    1
1    2
2   -7
dtype: int64 These are small integers, so how about converting to an unsigned 8-bit type to save memory? >>> s.astype(np.uint8)
0      1
1      2
2    249
dtype: uint8 The conversion worked, but the -7 was wrapped round to become 249 (i.e. 2 8 - 7)! Trying to downcast using pd.to_numeric(s, downcast='unsigned') instead could help prevent this error. 3. infer_objects() Version 0.21.0 of pandas introduced the method infer_objects() for converting columns of a DataFrame that have an object datatype to a more specific type (soft conversions). For example, here's a DataFrame with two columns of object type. One holds actual integers and the other holds strings representing integers: >>> df = pd.DataFrame({'a': [7, 1, 5], 'b': ['3','2','1']}, dtype='object')
>>> df.dtypes
a    object
b    object
dtype: object Using infer_objects() , you can change the type of column 'a' to int64: >>> df = df.infer_objects()
>>> df.dtypes
a     int64
b    object
dtype: object Column 'b' has been left alone since its values were strings, not integers. If you wanted to force both columns to an integer type, you could use df.astype(int) instead. 4. convert_dtypes() Version 1.0 and above includes a method convert_dtypes() to convert Series and DataFrame columns to the best possible dtype that supports the pd.NA missing value. Here ""best possible"" means the type most suited to hold the values. For example, this a pandas integer type, if all of the values are integers (or missing values): an object column of Python integer objects are converted to Int64 , a column of NumPy int32 values, will become the pandas dtype Int32 . With our object DataFrame df , we get the following result: >>> df.convert_dtypes().dtypes                                             
a     Int64
b    string
dtype: object Since column 'a' held integer values, it was converted to the Int64 type (which is capable of holding missing values, unlike int64 ). Column 'b' contained string objects, so was changed to pandas' string dtype. By default, this method will infer the type from object values in each column. We can change this by passing infer_objects=False : >>> df.convert_dtypes(infer_objects=False).dtypes                          
a    object
b    string
dtype: object Now column 'a' remained an object column: pandas knows it can be described as an 'integer' column (internally it ran infer_dtype ) but didn't infer exactly what dtype of integer it should have so did not convert it. Column 'b' was again converted to 'string' dtype as it was recognised as holding 'string' values.","python,pandas,dataframe,types,type-conversion",1585,28648923,https://stackoverflow.com/questions/15891038/change-column-type-in-pandas
How do I sort a dictionary by key?,"Note: for Python 3.7+, see this answer Standard Python dictionaries are unordered (until Python 3.7). Even if you sorted the (key,value) pairs, you wouldn't be able to store them in a dict in a way that would preserve the ordering. The easiest way is to use OrderedDict , which remembers the order in which the elements have been inserted: In [1]: import collections

In [2]: d = {2:3, 1:89, 4:5, 3:0}

In [3]: od = collections.OrderedDict(sorted(d.items()))

In [4]: od
Out[4]: OrderedDict([(1, 89), (2, 3), (3, 0), (4, 5)]) Never mind the way od is printed out; it'll work as expected: In [11]: od[1]
Out[11]: 89

In [12]: od[3]
Out[12]: 0

In [13]: for k, v in od.iteritems(): print k, v
   ....: 
1 89
2 3
3 0
4 5 Python 3 For Python 3 users, one needs to use the .items() instead of .iteritems() : In [13]: for k, v in od.items(): print(k, v)
   ....: 
1 89
2 3
3 0
4 5","python,sorting,dictionary",1585,9001529,https://stackoverflow.com/questions/9001509/how-do-i-sort-a-dictionary-by-key
What are the differences between type() and isinstance()?,"To summarize the contents of other (already good!) answers, isinstance caters for inheritance (an instance of a derived class is an instance of a base class, too), while checking for equality of type does not (it demands identity of types and rejects instances of subtypes, AKA subclasses). Normally, in Python, you want your code to support inheritance, of course (since inheritance is so handy, it would be bad to stop code using yours from using it!), so isinstance is less bad than checking identity of type s because it seamlessly supports inheritance. It's not that isinstance is good , mind you—it's just less bad than checking equality of types.  The normal, Pythonic, preferred solution is almost invariably ""duck typing"": try using the argument as if it was of a certain desired type, do it in a try / except statement catching all exceptions that could arise if the argument was not in fact of that type (or any other type nicely duck-mimicking it;-), and in the except clause, try something else (using the argument ""as if"" it was of some other type). basestring is , however, quite a special case—a builtin type that exists only to let you use isinstance (both str and unicode subclass basestring ). Strings are sequences (you could loop over them, index them, slice them, ...), but you generally want to treat them as ""scalar"" types—it's somewhat incovenient (but a reasonably frequent use case) to treat all kinds of strings (and maybe other scalar types, i.e., ones you can't loop on) one way, all containers (lists, sets, dicts, ...) in another way, and basestring plus isinstance helps you do that—the overall structure of this idiom is something like: if isinstance(x, basestring)
  return treatasscalar(x)
try:
  return treatasiter(iter(x))
except TypeError:
  return treatasscalar(x) You could say that basestring is an Abstract Base Class (""ABC"")—it offers no concrete functionality to subclasses, but rather exists as a ""marker"", mainly for use with isinstance . The concept is obviously a growing one in Python, since PEP 3119 , which introduces a generalization of it, was accepted and has been implemented starting with Python 2.6 and 3.0. The PEP makes it clear that, while ABCs can often substitute for duck typing, there is generally no big pressure to do that (see here ). ABCs as implemented in recent Python versions do however offer extra goodies: isinstance (and issubclass ) can now mean more than just ""[an instance of] a derived class"" (in particular, any class can be ""registered"" with an ABC so that it will show as a subclass, and its instances as instances of the ABC); and ABCs can also offer extra convenience to actual subclasses in a very natural way via Template Method design pattern applications (see here and here [[part II]] for more on the TM DP, in general and specifically in Python, independent of ABCs). For the underlying mechanics of ABC support as offered in Python 2.6, see here ; for their 3.1 version, very similar, see here .  In both versions, standard library module collections (that's the 3.1 version—for the very similar 2.6 version, see here ) offers several useful ABCs. For the purpose of this answer, the key thing to retain about ABCs (beyond an arguably more natural placement for TM DP functionality, compared to the classic Python alternative of mixin classes such as UserDict.DictMixin ) is that they make isinstance (and issubclass ) much more attractive and pervasive (in Python 2.6 and going forward) than they used to be (in 2.5 and before), and therefore, by contrast, make checking type equality an even worse practice in recent Python versions than it already used to be.","python,oop,inheritance,types",1577,1549854,https://stackoverflow.com/questions/1549801/what-are-the-differences-between-type-and-isinstance
How to convert string to bytes in Python 3,"If you look at the docs for bytes , it points you to bytearray : bytearray([source[, encoding[, errors]]]) Return a new array of bytes. The bytearray type is a mutable sequence of integers in the range 0 <= x < 256. It has most of the usual methods of mutable sequences, described in Mutable Sequence Types, as well as most methods that the bytes type has, see Bytes and Byte Array Methods. The optional source parameter can be used to initialize the array in a few different ways: If it is a string, you must also give the encoding (and optionally, errors) parameters; bytearray() then converts the string to bytes using str.encode(). If it is an integer, the array will have that size and will be initialized with null bytes. If it is an object conforming to the buffer interface, a read-only buffer of the object will be used to initialize the bytes array. If it is an iterable, it must be an iterable of integers in the range 0 <= x < 256, which are used as the initial contents of the array. Without an argument, an array of size 0 is created. So bytes can do much more than just encode a string. It's Pythonic that it would allow you to call the constructor with any type of source parameter that makes sense. For  encoding a string, I think that some_string.encode(encoding) is more Pythonic than using the constructor, because it is the most self documenting -- ""take this string and encode it with this encoding"" is clearer than bytes(some_string, encoding) -- there is no explicit verb when you use the constructor. I checked the Python source. If you pass a unicode string to bytes using CPython, it calls PyUnicode_AsEncodedString , which is the implementation of encode ; so you're just skipping a level of indirection if you call encode yourself. Also, see Serdalis' comment -- unicode_string.encode(encoding) is also more Pythonic because its inverse is byte_string.decode(encoding) and symmetry is nice.","python,string,character-encoding,python-3.x",1541,7585619,https://stackoverflow.com/questions/7585435/how-to-convert-string-to-bytes-in-python-3
Is there a built-in function to print all the current properties and values of an object?,"You are really mixing together two different things. Use dir() , vars() or the inspect module to get what you are interested in (I use __builtins__ as an example; you can use any object instead). >>> l = dir(__builtins__)
>>> d = __builtins__.__dict__ Print that dictionary however fancy you like: >>> print l
['ArithmeticError', 'AssertionError', 'AttributeError',... or >>> from pprint import pprint
>>> pprint(l)
['ArithmeticError',
 'AssertionError',
 'AttributeError',
 'BaseException',
 'DeprecationWarning',
...

>>> pprint(d, indent=2)
{ 'ArithmeticError': <type 'exceptions.ArithmeticError'>,
  'AssertionError': <type 'exceptions.AssertionError'>,
  'AttributeError': <type 'exceptions.AttributeError'>,
...
  '_': [ 'ArithmeticError',
         'AssertionError',
         'AttributeError',
         'BaseException',
         'DeprecationWarning',
... Pretty printing is also available in the interactive debugger as a command: (Pdb) pp vars()
{'__builtins__': {'ArithmeticError': <type 'exceptions.ArithmeticError'>,
                  'AssertionError': <type 'exceptions.AssertionError'>,
                  'AttributeError': <type 'exceptions.AttributeError'>,
                  'BaseException': <type 'exceptions.BaseException'>,
                  'BufferError': <type 'exceptions.BufferError'>,
                  ...
                  'zip': <built-in function zip>},
 '__file__': 'pass.py',
 '__name__': '__main__'}","python,debugging,introspection,pretty-print,python-datamodel",1539,192365,https://stackoverflow.com/questions/192109/is-there-a-built-in-function-to-print-all-the-current-properties-and-values-of-a
How do I move a file in Python?,"os.rename() , os.replace() , or shutil.move() All employ the same syntax: import os
import shutil

os.rename(""path/to/current/file.foo"", ""path/to/new/destination/for/file.foo"")
os.replace(""path/to/current/file.foo"", ""path/to/new/destination/for/file.foo"")
shutil.move(""path/to/current/file.foo"", ""path/to/new/destination/for/file.foo"") The filename ( ""file.foo"" ) must be included in both the source and destination arguments. If it differs between the two, the file will be renamed as well as moved. The directory within which the new file is being created must already exist. On Windows, a file with that name must not exist or an exception will be raised, but os.replace() will silently replace a file even in that occurrence. shutil.move simply calls os.rename in most cases. However, if the destination is on a different disk than the source, it will instead copy and then delete the source file.","python,file,file-handling,python-os",1538,8858026,https://stackoverflow.com/questions/8858008/how-do-i-move-a-file-in-python
What is the use of &quot;assert&quot; in Python?,"The assert statement exists in almost every programming language. It has two main uses: It helps detect problems early in your program, where the cause is clear, rather than later when some other operation fails. A type error in Python, for example, can go through several layers of code before actually raising an Exception if not caught early on. It works as documentation for other developers reading the code, who see the assert and can confidently say that its condition holds from now on. When you do... assert condition ... you're telling the program to test that condition, and immediately trigger an error if the condition is false. In Python, it's roughly equivalent to this: if not condition:
    raise AssertionError() Try it in the Python shell: >>> assert True # nothing happens
>>> assert False
Traceback (most recent call last):
  File ""<stdin>"", line 1, in <module>
AssertionError Assertions can include an optional message, and you can disable them when running the interpreter. To print a message if the assertion fails: assert False, ""Oh no! This assertion failed!"" Do not use parenthesis to call assert like a function. It is a statement. If you do assert(condition, message) you'll be running the assert with a (condition, message) tuple as first parameter. As for disabling them, when running python in optimized mode, where __debug__ is False , assert statements will be ignored. Just pass the -O flag: python -O script.py See here for the relevant documentation.","python,exception,assert,assertion",1530,5142453,https://stackoverflow.com/questions/5142418/what-is-the-use-of-assert-in-python
Removing duplicates in lists,"The common approach to get a unique collection of items is to use a set . Sets are unordered collections of distinct objects. To create a set from any iterable, you can simply pass it to the built-in set() function. If you later need a real list again, you can similarly pass the set to the list() function. The following example should cover whatever you are trying to do: >>> t = [1, 2, 3, 1, 2, 3, 5, 6, 7, 8]
>>> list(set(t))
[1, 2, 3, 5, 6, 7, 8]
>>> s = [1, 2, 3]
>>> list(set(t) - set(s))
[8, 5, 6, 7] As you can see from the example result, the original order is not maintained . As mentioned above, sets themselves are unordered collections, so the order is lost. When converting a set back to a list, an arbitrary order is created. Maintaining order If order is important to you, then you will have to use a different mechanism. A very common solution for this is to rely on OrderedDict to keep the order of keys during insertion: >>> from collections import OrderedDict
>>> list(OrderedDict.fromkeys(t))
[1, 2, 3, 5, 6, 7, 8] Starting with Python 3.7 , the built-in dictionary is guaranteed to maintain the insertion order as well, so you can also use that directly if you are on Python 3.7 or later (or CPython 3.6): >>> list(dict.fromkeys(t))
[1, 2, 3, 5, 6, 7, 8] Note that this may have some overhead of creating a dictionary first, and then creating a list from it. If you don’t actually need to preserve the order, you’re often better off using a set, especially because it gives you a lot more operations to work with. Check out this question for more details and alternative ways to preserve the order when removing duplicates. Finally note that both the set as well as the OrderedDict / dict solutions require your items to be hashable . This usually means that they have to be immutable. If you have to deal with items that are not hashable (e.g. list objects), then you will have to use a slow approach in which you will basically have to compare every item with every other item in a nested loop.","python,algorithm,list,duplicates,intersection",1525,7961390,https://stackoverflow.com/questions/7961363/removing-duplicates-in-lists
How do I get the full path of the current file&#39;s directory?,"The special variable __file__ contains the path to the current file. From that we can get the directory using either pathlib or the os.path module. Python 3 For the directory of the script being run: import pathlib
pathlib.Path(__file__).parent.resolve() For the current working directory: import pathlib
pathlib.Path().resolve() Python 2 and 3 For the directory of the script being run: import os
os.path.dirname(os.path.abspath(__file__)) If you mean the current working directory: import os
os.path.abspath(os.getcwd()) Note that before and after file is two underscores, not just one. Also note that if you are running interactively or have loaded code from something other than a file (eg: a database or online resource), __file__ may not be set since there is no notion of ""current file"". The above answer assumes the most common scenario of running a python script that is in a file. References pathlib in the python documentation. os.path - Python 2.7 , os.path - Python 3 os.getcwd - Python 2.7 , os.getcwd - Python 3 what does the __file__ variable mean/do?","python,directory",1522,3430395,https://stackoverflow.com/questions/3430372/how-do-i-get-the-full-path-of-the-current-files-directory
Automatically create file &#39;requirements.txt&#39;,"Use Pipenv or other tools is recommended for improving your development flow. pip3 freeze > requirements.txt  # Python3
pip freeze > requirements.txt  # Python2 If you do not use a virtual environment, pigar will be a good choice for you.","python,dependencies,python-import,requirements.txt",1520,33468993,https://stackoverflow.com/questions/31684375/automatically-create-file-requirements-txt
How do I print an exception in Python?,"For Python 2.6 and later and Python 3.x: except Exception as e: print(e) For Python 2.5 and earlier, use: except Exception,e: print str(e)","python,exception,error-handling",1519,1483488,https://stackoverflow.com/questions/1483429/how-do-i-print-an-exception-in-python
UnicodeEncodeError: &#39;ascii&#39; codec can&#39;t encode character u&#39;\xa0&#39; in position 20: ordinal not in range(128),"Read the Python Unicode HOWTO . This error is the very first example . Do not use str() to convert from unicode to encoded text / bytes. Instead, use .encode() to encode the string: p.agent_info = u' '.join((agent_contact, agent_telno)).encode('utf-8').strip() or work entirely in unicode.","python,unicode,beautifulsoup,python-2.x,python-unicode",1519,9942822,https://stackoverflow.com/questions/9942594/unicodeencodeerror-ascii-codec-cant-encode-character-u-xa0-in-position-20
How to make a class JSON serializable,"Do you have an idea about the expected output? For example, will this do? >>> f  = FileItem(""/foo/bar"")
>>> magic(f)
'{""fname"": ""/foo/bar""}' In that case you can merely call json.dumps(f.__dict__) . If you want more customized output then you will have to subclass JSONEncoder and implement your own custom serialization. For a trivial example, see below. >>> from json import JSONEncoder
>>> class MyEncoder(JSONEncoder):
        def default(self, o):
            return o.__dict__
    
>>> MyEncoder().encode(f)
'{""fname"": ""/foo/bar""}' Then you pass this class into the json.dumps() method as cls kwarg: json.dumps(cls=MyEncoder) If you also want to decode then you'll have to supply a custom object_hook to the JSONDecoder class. For example: >>> def from_json(json_object):
        if 'fname' in json_object:
            return FileItem(json_object['fname'])
>>> f = JSONDecoder(object_hook = from_json).decode('{""fname"": ""/foo/bar""}')
>>> f
<__main__.FileItem object at 0x9337fac>
>>>","python,json,serialization",1516,3768975,https://stackoverflow.com/questions/3768895/how-to-make-a-class-json-serializable
Null object in Python,"In Python, the 'null' object is the singleton None . To check if something is None , use the is identity operator: if foo is None:
    ...","python,object,null",1514,3289606,https://stackoverflow.com/questions/3289601/null-object-in-python
How do I check which version of Python is running my script?,"This information is available in the sys.version string in the sys module: >>> import sys Human readable: >>> print(sys.version)  # parentheses necessary in python 3.       
2.5.2 (r252:60911, Jul 31 2008, 17:28:52) 
[GCC 4.2.3 (Ubuntu 4.2.3-2ubuntu7)] For further processing, use sys.version_info or sys.hexversion : >>> sys.version_info
(2, 5, 2, 'final', 0)
# or
>>> sys.hexversion
34014192 To ensure a script runs with a minimal version requirement of the Python interpreter add this to your code: assert sys.version_info >= (2, 5) This compares major and minor version information. Add micro (= 0 , 1 , etc) and even releaselevel (= 'alpha' , 'final' , etc) to the tuple as you like. Note however, that it is almost always better to ""duck"" check if a certain feature is there, and if not, workaround (or bail out). Sometimes features go away in newer releases, being replaced by others.","python,version",1505,1093331,https://stackoverflow.com/questions/1093322/how-do-i-check-which-version-of-python-is-running-my-script
Why can&#39;t Python parse this JSON data?,"Your data is not valid JSON format. You have [] when you should have {} for the ""masks"" and ""parameters"" elements: [] are for JSON arrays, which are called list in Python {} are for JSON objects, which are called dict in Python Here's how your JSON file should look: {
    ""maps"": [
        {
            ""id"": ""blabla"",
            ""iscategorical"": ""0""
        },
        {
            ""id"": ""blabla"",
            ""iscategorical"": ""0""
        }
    ],
    ""masks"": {
        ""id"": ""valore""
    },
    ""om_points"": ""value"",
    ""parameters"": {
        ""id"": ""valore""
    }
} Then you can use your code: import json
from pprint import pprint

with open('data.json') as f:
    data = json.load(f)

pprint(data) With data, you can now also find values like so: data[""maps""][0][""id""]
data[""masks""][""id""]
data[""om_points""] Try those out and see if it starts to make sense.","python,json,parsing",1503,2835672,https://stackoverflow.com/questions/2835559/why-cant-python-parse-this-json-data
Running shell command and capturing the output,"In all officially maintained versions of Python, the simplest approach is to use the subprocess.check_output function: >>> subprocess.check_output(['ls', '-l'])
b'total 0\n-rw-r--r--  1 memyself  staff  0 Mar 14 11:04 files\n' check_output runs a single program that takes only arguments as input. 1 It returns the result exactly as printed to stdout . If you need to write input to stdin , skip ahead to the run or Popen sections. If you want to execute complex shell commands, see the note on shell=True at the end of this answer. The check_output function works in all officially maintained versions of Python. But for more recent versions, a more flexible approach is available. Modern versions of Python (3.5 or higher): run If you're using Python 3.5+ , and do not need backwards compatibility , the new run function is recommended by the official documentation for most tasks. It provides a very general, high-level API for the subprocess module. To capture the output of a program, pass the subprocess.PIPE flag to the stdout keyword argument. Then access the stdout attribute of the returned CompletedProcess object: >>> import subprocess
>>> result = subprocess.run(['ls', '-l'], stdout=subprocess.PIPE)
>>> result.stdout
b'total 0\n-rw-r--r--  1 memyself  staff  0 Mar 14 11:04 files\n' The return value is a bytes object, so if you want a proper string, you'll need to decode it. Assuming the called process returns a UTF-8-encoded string: >>> result.stdout.decode('utf-8')
'total 0\n-rw-r--r--  1 memyself  staff  0 Mar 14 11:04 files\n' This can all be compressed to a one-liner if desired: >>> subprocess.run(['ls', '-l'], stdout=subprocess.PIPE).stdout.decode('utf-8')
'total 0\n-rw-r--r--  1 memyself  staff  0 Mar 14 11:04 files\n' If you want to pass input to the process's stdin , you can pass a bytes object to the input keyword argument: >>> cmd = ['awk', 'length($0) > 5']
>>> ip = 'foo\nfoofoo\n'.encode('utf-8')
>>> result = subprocess.run(cmd, stdout=subprocess.PIPE, input=ip)
>>> result.stdout.decode('utf-8')
'foofoo\n' You can capture errors by passing stderr=subprocess.PIPE (capture to result.stderr ) or stderr=subprocess.STDOUT (capture to result.stdout along with regular output). If you want run to throw an exception when the process returns a nonzero exit code, you can pass check=True . (Or you can check the returncode attribute of result above.) When security is not a concern, you can also run more complex shell commands by passing shell=True as described at the end of this answer. Later versions of Python streamline the above further. In Python 3.7+, the above one-liner can be spelled like this: >>> subprocess.run(['ls', '-l'], capture_output=True, text=True).stdout
'total 0\n-rw-r--r--  1 memyself  staff  0 Mar 14 11:04 files\n' Using run this way adds just a bit of complexity, compared to the old way of doing things. But now you can do almost anything you need to do with the run function alone. Older versions of Python (3-3.4): more about check_output If you are using an older version of Python, or need modest backwards compatibility, you can use the check_output function as briefly described above. It has been available since Python 2.7. subprocess.check_output(*popenargs, **kwargs) It takes takes the same arguments as Popen (see below), and returns a string containing the program's output. The beginning of this answer has a more detailed usage example. In Python 3.5+, check_output is equivalent to executing run with check=True and stdout=PIPE , and returning just the stdout attribute. You can pass stderr=subprocess.STDOUT to ensure that error messages are included in the returned output. When security is not a concern, you can also run more complex shell commands by passing shell=True as described at the end of this answer. If you need to pipe from stderr or pass input to the process, check_output won't be up to the task. See the Popen examples below in that case. Complex applications and legacy versions of Python (2.6 and below): Popen If you need deep backwards compatibility, or if you need more sophisticated functionality than check_output or run provide, you'll have to work directly with Popen objects, which encapsulate the low-level API for subprocesses. The Popen constructor accepts either a single command without arguments, or a list containing a command as its first item, followed by any number of arguments, each as a separate item in the list. shlex.split can help parse strings into appropriately formatted lists. Popen objects also accept a host of different arguments for process IO management and low-level configuration. To send input and capture output, communicate is almost always the preferred method. As in: output = subprocess.Popen([""mycmd"", ""myarg""], 
                          stdout=subprocess.PIPE).communicate()[0] Or >>> import subprocess
>>> p = subprocess.Popen(['ls', '-a'], stdout=subprocess.PIPE, 
...                                    stderr=subprocess.PIPE)
>>> out, err = p.communicate()
>>> print out
.
..
foo If you set stdin=PIPE , communicate also allows you to pass data to the process via stdin : >>> cmd = ['awk', 'length($0) > 5']
>>> p = subprocess.Popen(cmd, stdout=subprocess.PIPE,
...                           stderr=subprocess.PIPE,
...                           stdin=subprocess.PIPE)
>>> out, err = p.communicate('foo\nfoofoo\n')
>>> print out
foofoo Note Aaron Hall's answer , which indicates that on some systems, you may need to set stdout , stderr , and stdin all to PIPE (or DEVNULL ) to get communicate to work at all. In some rare cases, you may need complex, real-time output capturing. Vartec 's answer suggests a way forward, but methods other than communicate are prone to deadlocks if not used carefully. As with all the above functions, when security is not a concern, you can run more complex shell commands by passing shell=True . Notes 1. Running shell commands: the shell=True argument Normally, each call to run , check_output , or the Popen constructor executes a single program . That means no fancy bash-style pipes. If you want to run complex shell commands, you can pass shell=True , which all three functions support. For example: >>> subprocess.check_output('cat books/* | wc', shell=True, text=True)
' 1299377 17005208 101299376\n' However, doing this raises security concerns . If you're doing anything more than light scripting, you might be better off calling each process separately, and passing the output from each as an input to the next, via run(cmd, [stdout=etc...], input=other_output) Or Popen(cmd, [stdout=etc...]).communicate(other_output) The temptation to directly connect pipes is strong; resist it. Otherwise, you'll likely see deadlocks or have to do hacky things like this .","python,shell,subprocess",1498,4760517,https://stackoverflow.com/questions/4760215/running-shell-command-and-capturing-the-output
How can I overcome &quot;datetime.datetime not JSON serializable&quot;?,"Updated for 2018 The original answer accommodated the way MongoDB ""date"" fields were represented as: {""$date"": 1506816000000} If you want a generic Python solution for serializing datetime to json, check out @jjmontes' answer for a quick solution which requires no dependencies. As you are using mongoengine (per comments) and pymongo is a dependency, pymongo has built-in utilities to help with json serialization: http://api.mongodb.org/python/1.10.1/api/bson/json_util.html Example usage (serialization): from bson import json_util
import json

json.dumps(anObject, default=json_util.default) Example usage (deserialization): json.loads(aJsonString, object_hook=json_util.object_hook) Django Django provides a native DjangoJSONEncoder serializer that deals with this kind of properly. See https://docs.djangoproject.com/en/dev/topics/serialization/#djangojsonencoder from django.core.serializers.json import DjangoJSONEncoder

return json.dumps(
  item,
  sort_keys=True,
  indent=1,
  cls=DjangoJSONEncoder
) One difference I've noticed between DjangoJSONEncoder and using a custom default like this: import datetime
import json

def default(o):
    if isinstance(o, (datetime.date, datetime.datetime)):
        return o.isoformat()

return json.dumps(
  item,
  sort_keys=True,
  indent=1,
  default=default
) Is that Django strips a bit of the data: ""last_login"": ""2018-08-03T10:51:42.990"", # DjangoJSONEncoder 
 ""last_login"": ""2018-08-03T10:51:42.990239"", # default So, you may need to be careful about that in some cases.","python,json",1495,11875813,https://stackoverflow.com/questions/11875770/how-can-i-overcome-datetime-datetime-not-json-serializable
How to deal with SettingWithCopyWarning in Pandas,"The SettingWithCopyWarning was created to flag potentially confusing ""chained"" assignments, such as the following, which does not always work as expected, particularly when the first selection returns a copy .  [see GH5390 and GH5597 for background discussion.] df[df['A'] > 2]['B'] = new_val  # new_val not set in df The warning offers a suggestion to rewrite as follows: df.loc[df['A'] > 2, 'B'] = new_val However, this doesn't fit your usage, which is equivalent to: df = df[df['A'] > 2]
df['B'] = new_val While it's clear that you don't care about writes making it back to the original frame (since you are overwriting the reference to it), unfortunately this pattern cannot be differentiated from the first chained assignment example. Hence the (false positive) warning. The potential for false positives is addressed in the docs on indexing , if you'd like to read further.  You can safely disable this new warning with the following assignment. import pandas as pd
pd.options.mode.chained_assignment = None  # default='warn' Other Resources pandas User Guide: Indexing and selecting data Python Data Science Handbook: Data Indexing and Selection Real Python: SettingWithCopyWarning in Pandas: Views vs Copies Dataquest: SettingwithCopyWarning: How to Fix This Warning in Pandas Towards Data Science: Explaining the SettingWithCopyWarning in pandas","python,pandas,dataframe,chained-assignment,pandas-settingwithcopy-warning",1495,20627316,https://stackoverflow.com/questions/20625582/how-to-deal-with-settingwithcopywarning-in-pandas
How do I create multiline comments in Python?,"You can use triple-quoted strings. When they're not a docstring (the first thing in a class/function/module), they are ignored. '''
This is a multiline
comment.
''' (Make sure to indent the leading ''' appropriately to avoid an IndentationError .) Guido van Rossum (creator of Python) tweeted this as a ""pro tip"". However, Python's style guide, PEP8, favors using consecutive single-line comments , like this: # This is a multiline
# comment. ...and this is also what you'll find in many projects. Text editors usually have a shortcut to do this easily.","python,comments,documentation",1486,7696966,https://stackoverflow.com/questions/7696924/how-do-i-create-multiline-comments-in-python
How do I find the location of my Python site-packages directory?,"There are two types of site-packages directories, global and per user . Global site-packages ("" dist-packages "") directories are listed in sys.path when you run: python -m site For a more concise list run getsitepackages from the site module in Python code: python -c 'import site; print(site.getsitepackages())' Caution: In virtual environments getsitepackages is not available with older versions of virtualenv , sys.path from above will list the virtualenv's site-packages directory correctly, though. In Python 3, you may use the sysconfig module instead: python3 -c 'import sysconfig; print(sysconfig.get_paths()[""purelib""])' The per user site-packages directory ( PEP 370 ) is where Python installs your local packages: python -m site --user-site If this points to a non-existing directory check the exit status of Python and see python -m site --help for explanations. Hint: Running pip list --user or pip freeze --user gives you a list of all installed per user site-packages. Practical Tips <package>.__path__ lets you identify the location(s) of a specific package: ( details ) $ python -c ""import setuptools as _; print(_.__path__)""
  ['/usr/lib/python2.7/dist-packages/setuptools'] <module>.__file__ lets you identify the location of a specific module: ( difference ) $ python3 -c ""import os as _; print(_.__file__)""
  /usr/lib/python3.6/os.py Run pip show <package> to show Debian-style package information: $ pip show pytest
  Name: pytest
  Version: 3.8.2
  Summary: pytest: simple powerful testing with Python
  Home-page: https://docs.pytest.org/en/latest/
  Author: Holger Krekel, Bruno Oliveira, Ronny Pfannschmidt, Floris Bruynooghe, Brianna Laugher, Florian Bruhin and others
  Author-email: None
  License: MIT license
  Location: /home/peter/.local/lib/python3.4/site-packages
  Requires: more-itertools, atomicwrites, setuptools, attrs, pathlib2, six, py, pluggy",python,1484,46071447,https://stackoverflow.com/questions/122327/how-do-i-find-the-location-of-my-python-site-packages-directory
Display number with leading zeros,"In Python 2 (and Python 3) you can do: number = 1
print(""%02d"" % (number,)) Basically % is like printf or sprintf (see docs ). For Python 3.+, the same behavior can also be achieved with format : number = 1
print(""{:02d}"".format(number)) For Python 3.6+ the same behavior can be achieved with f-strings : number = 1
print(f""{number:02d}"")","python,integer,string-formatting",1479,134951,https://stackoverflow.com/questions/134934/display-number-with-leading-zeros
How to drop rows of Pandas DataFrame whose value in a certain column is NaN,"Don't drop, just take the rows where EPS is not NA: df = df[df['EPS'].notna()]","python,pandas,dataframe,indexing,nan",1479,13413845,https://stackoverflow.com/questions/13413590/how-to-drop-rows-of-pandas-dataframe-whose-value-in-a-certain-column-is-nan
Getting key with maximum value in dictionary?,"You can use operator.itemgetter for that: import operator
stats = {'a': 1000, 'b': 3000, 'c': 100}
max(stats.iteritems(), key=operator.itemgetter(1))[0] And instead of building a new list in memory use stats.iteritems() . The key parameter to the max() function is a function that computes a key that is used to determine how to rank items. Please note that if you were to have another key-value pair 'd': 3000 that this method will only return one of the two even though they both have the maximum value. >>> import operator
>>> stats = {'a': 1000, 'b': 3000, 'c': 100, 'd': 3000}
>>> max(stats.iteritems(), key=operator.itemgetter(1))[0]
'b' If using Python3: >>> max(stats.items(), key=operator.itemgetter(1))[0]
'b'","python,dictionary,max",1473,268285,https://stackoverflow.com/questions/268272/getting-key-with-maximum-value-in-dictionary
String formatting: % vs. .format vs. f-string literal,"To answer your first question... .format just seems more sophisticated in many ways. An annoying thing about % is also how it can either take a variable or a tuple. You'd think the following would always work: ""Hello %s"" % name yet, if name happens to be (1, 2, 3) , it will throw a TypeError . To guarantee that it always prints, you'd need to do ""Hello %s"" % (name,)   # supply the single argument as a single-item tuple which is just ugly. .format doesn't have those issues. Also in the second example you gave, the .format example is much cleaner looking. Only use it for backwards compatibility with Python 2.5. To answer your second question, string formatting happens at the same time as any other operation - when the string formatting expression is evaluated. And Python, not being a lazy language, evaluates expressions before calling functions, so the expression log.debug(""some debug info: %s"" % some_info) will first evaluate the string to, e.g. ""some debug info: roflcopters are active"" , then that string will be passed to log.debug() .","python,performance,string-formatting,f-string",1471,5082482,https://stackoverflow.com/questions/5082452/string-formatting-vs-format-vs-f-string-literal
Python: how to determine if an object is iterable?,"Checking for __iter__ works on sequence types, but it would fail on e.g. strings in Python 2 . I would like to know the right answer too, until then, here is one possibility (which would work on strings, too): try:
    some_object_iterator = iter(some_object)
except TypeError as te:
    print(some_object, 'is not iterable') The iter built-in checks for the __iter__ method or in the case of strings the __getitem__ method. Another general pythonic approach is to assume an iterable, then fail gracefully if it does not work on the given object. The Python glossary: Pythonic programming style that determines an object's type by inspection of its method or attribute signature rather than by explicit relationship to some type object (""If it looks like a duck and quacks like a duck , it must be a duck ."") By emphasizing interfaces rather than specific types, well-designed code improves its flexibility by allowing polymorphic substitution. Duck-typing avoids tests using type() or isinstance(). Instead, it typically employs the EAFP (Easier to Ask Forgiveness than Permission) style of programming. ... try:
   _ = (e for e in my_object)
except TypeError:
   print(my_object, 'is not iterable') The collections module provides some abstract base classes, which allow to ask classes or instances if they provide particular functionality, for example: from collections.abc import Iterable

if isinstance(e, Iterable):
    # e is iterable However, this does not check for classes that are iterable through __getitem__ .","python,iterable",1470,1952481,https://stackoverflow.com/questions/1952464/python-how-to-determine-if-an-object-is-iterable
What does the &#39;b&#39; character do in front of a string literal?,"To quote the Python 2.x documentation : A prefix of 'b' or 'B' is ignored in
  Python 2; it indicates that the
  literal should become a bytes literal
  in Python 3 (e.g. when code is
  automatically converted with 2to3). A
  'u' or 'b' prefix may be followed by
  an 'r' prefix. The Python 3 documentation states: Bytes literals are always prefixed with 'b' or 'B'; they produce an instance of the bytes type instead of the str type. They may only contain ASCII characters; bytes with a numeric value of 128 or greater must be expressed with escapes.","python,string,unicode,binary",1468,6269785,https://stackoverflow.com/questions/6269765/what-does-the-b-character-do-in-front-of-a-string-literal
How do I create a constant in Python?,"You cannot declare a variable or value as constant in Python. To indicate to programmers that a variable is a constant, one usually writes it in upper case: CONST_NAME = ""Name"" To raise exceptions when constants are changed, see Constants in Python by Alex Martelli. Note that this is not commonly used in practice. As of Python 3.8, there's a typing.Final variable annotation that will tell static type checkers (like mypy) that your variable shouldn't be reassigned. This is the closest equivalent to Java's final . However, it does not actually prevent reassignment : from typing import Final

a: Final[int] = 1

# Executes fine, but mypy will report an error if you run mypy on this:
a = 2","python,constants",1456,2682752,https://stackoverflow.com/questions/2682745/how-do-i-create-a-constant-in-python
How do I terminate a script?,"import sys
sys.exit() This will exit with status code 0; if you don't want that, you can pass a different one or a message: sys.exit(1) details from the sys module documentation : sys. exit ([ arg ]) Exit from Python. This is implemented by raising the SystemExit exception, so cleanup actions specified by finally clauses
of try statements are honored, and it is possible to intercept the
exit attempt at an outer level. The optional argument arg can be an integer giving the exit status
(defaulting to zero), or another type of object. If it is an integer,
zero is considered “successful termination” and any nonzero value is
considered “abnormal termination” by shells and the like. Most systems
require it to be in the range 0-127, and produce undefined results
otherwise. Some systems have a convention for assigning specific
meanings to specific exit codes, but these are generally
underdeveloped; Unix programs generally use 2 for command line syntax
errors and 1 for all other kind of errors. If another type of object
is passed, None is equivalent to passing zero, and any other object is
printed to stderr and results in an exit code of 1. In particular, sys.exit(""some error message"") is a quick way to exit a program when
an error occurs. Since exit() ultimately “only” raises an exception, it will only exit
the process when called from the main thread, and the exception is not
intercepted. Note that this is the 'nice' way to exit.  @ glyphtwistedmatrix below points out that if you want a 'hard exit', you can use os._exit(*errorcode*) , though it's likely os-specific to some extent (it might not take an errorcode under windows, for example), and it definitely is less friendly since it doesn't let the interpreter do any cleanup before the process dies.  On the other hand, it does kill the entire process, including all running threads, while sys.exit() (as it says in the docs) only exits if called from the main thread, with no other threads running.","python,termination",1445,73673,https://stackoverflow.com/questions/73663/how-do-i-terminate-a-script
How does the @property decorator work in Python?,"The property() function returns a special descriptor object : >>> property()
<property object at 0x10ff07940> It is this object that has extra methods: >>> property().getter
<built-in method getter of property object at 0x10ff07998>
>>> property().setter
<built-in method setter of property object at 0x10ff07940>
>>> property().deleter
<built-in method deleter of property object at 0x10ff07998> These act as decorators too . They return a new property object: >>> property().getter(None)
<property object at 0x10ff079f0> that is a copy of the old object, but with one of the functions replaced. Remember, that the @decorator syntax is just syntactic sugar; the syntax: @property
def foo(self): return self._foo really means the same thing as def foo(self): return self._foo
foo = property(foo) so foo the function is replaced by property(foo) , which we saw above is a special object. Then when you use @foo.setter() , what you are doing is call that property().setter method I showed you above, which returns a new copy of the property, but this time with the setter function replaced with the decorated method. The following sequence also creates a full-on property, by using those decorator methods. First we create some functions: >>> def getter(self): print('Get!')
... 
>>> def setter(self, value): print('Set to {!r}!'.format(value))
... 
>>> def deleter(self): print('Delete!')
... Then, we create a property object with only a getter: >>> prop = property(getter)
>>> prop.fget is getter
True
>>> prop.fset is None
True
>>> prop.fdel is None
True Next we use the .setter() method to add a setter: >>> prop = prop.setter(setter)
>>> prop.fget is getter
True
>>> prop.fset is setter
True
>>> prop.fdel is None
True Last we add a deleter with the .deleter() method: >>> prop = prop.deleter(deleter)
>>> prop.fget is getter
True
>>> prop.fset is setter
True
>>> prop.fdel is deleter
True Last but not least, the property object acts as a descriptor object , so it has .__get__() , .__set__() and .__delete__() methods to hook into instance attribute getting, setting and deleting: >>> class Foo: pass
... 
>>> prop.__get__(Foo(), Foo)
Get!
>>> prop.__set__(Foo(), 'bar')
Set to 'bar'!
>>> prop.__delete__(Foo())
Delete! The Descriptor Howto includes a pure Python sample implementation of the property() type: class Property:
    ""Emulate PyProperty_Type() in Objects/descrobject.c""

    def __init__(self, fget=None, fset=None, fdel=None, doc=None):
        self.fget = fget
        self.fset = fset
        self.fdel = fdel
        if doc is None and fget is not None:
            doc = fget.__doc__
        self.__doc__ = doc

    def __get__(self, obj, objtype=None):
        if obj is None:
            return self
        if self.fget is None:
            raise AttributeError(""unreadable attribute"")
        return self.fget(obj)

    def __set__(self, obj, value):
        if self.fset is None:
            raise AttributeError(""can't set attribute"")
        self.fset(obj, value)

    def __delete__(self, obj):
        if self.fdel is None:
            raise AttributeError(""can't delete attribute"")
        self.fdel(obj)

    def getter(self, fget):
        return type(self)(fget, self.fset, self.fdel, self.__doc__)

    def setter(self, fset):
        return type(self)(self.fget, fset, self.fdel, self.__doc__)

    def deleter(self, fdel):
        return type(self)(self.fget, self.fset, fdel, self.__doc__)","python,properties,decorator,python-decorators,python-internals",1431,17330273,https://stackoverflow.com/questions/17330160/how-does-the-property-decorator-work-in-python
Create a Pandas Dataframe by appending one row at a time,"You can use df.loc[i] , where the row with index i will be what you specify it to be in the dataframe. >>> import pandas as pd
>>> from numpy.random import randint

>>> df = pd.DataFrame(columns=['lib', 'qty1', 'qty2'])
>>> for i in range(5):
>>>     df.loc[i] = ['name' + str(i)] + list(randint(10, size=2))

>>> df
     lib qty1 qty2
0  name0    3    3
1  name1    2    4
2  name2    2    8
3  name3    2    1
4  name4    9    6","python,pandas,dataframe,append",1429,24888331,https://stackoverflow.com/questions/10715965/create-a-pandas-dataframe-by-appending-one-row-at-a-time
What is the difference between null=True and blank=True in Django?,"null=True sets NULL (versus NOT NULL ) on the column in your DB. Blank values for Django field types such as DateTimeField or ForeignKey will be stored as NULL in the DB. blank determines whether the field will be required in forms. This includes the admin and your custom forms. If blank=True then the field will not be required, whereas if it's False the field cannot be blank. The combo of the two is so frequent because typically if you're going to allow a field to be blank in your form, you're going to also need your database to allow NULL values for that field. The exception is CharField s and TextField s, which in Django are never saved as NULL . Blank values are stored in the DB as an empty string ( '' ). A few examples: models.DateTimeField(blank=True) # raises IntegrityError if blank

models.DateTimeField(null=True) # NULL allowed, but must be filled out in a form Obviously, Those two options don't make logical sense to use (though there might be a use case for null=True, blank=False if you want a field to always be required in forms, optional when dealing with an object through something like the shell.) models.CharField(blank=True) # No problem, blank is stored as ''

models.CharField(null=True) # NULL allowed, but will never be set as NULL CHAR and TEXT types are never saved as NULL by Django, so null=True is unnecessary. However, you can manually set one of these fields to None to force set it as NULL . If you have a scenario where that might be necessary, you should still include null=True .","python,django,django-models,django-admin",1429,8609425,https://stackoverflow.com/questions/8609192/what-is-the-difference-between-null-true-and-blank-true-in-django
How do I check if a variable exists?,"To check the existence of a local variable: if 'myVar' in locals():
  # myVar exists. To check the existence of a global variable: if 'myVar' in globals():
  # myVar exists. To check if an object has an attribute: if hasattr(obj, 'attr_name'):
  # obj.attr_name exists.","python,exception,variables",1427,843293,https://stackoverflow.com/questions/843277/how-do-i-check-if-a-variable-exists
How do I remove all packages installed by pip?,"I've found this snippet as an alternative solution. It's a more graceful removal of libraries than remaking the virtualenv: pip freeze | xargs pip uninstall -y In case you have packages installed via VCS, you need to exclude those lines and remove the packages manually (elevated from the comments below): pip freeze --exclude-editable | xargs pip uninstall -y If you have packages installed directly from github/gitlab, those will have @ .
Like: django @ git+https://github.com/django.git@<sha> You can add cut -d ""@"" -f1 to get just the package name that is required to uninstall it. pip freeze | cut -d ""@"" -f1 | xargs pip uninstall -y","python,pip,virtualenv,python-packaging",1418,11250821,https://stackoverflow.com/questions/11248073/how-do-i-remove-all-packages-installed-by-pip
How can I do a line break (line continuation) in Python (split up a long line of source code)?,"What is the line?  You can just have arguments on the next line without any problems: a = dostuff(blahblah1, blahblah2, blahblah3, blahblah4, blahblah5, 
            blahblah6, blahblah7) Otherwise you can do something like this: if (a == True and
    b == False): or with explicit line break: if a == True and \
   b == False: Check the style guide for more information. Using parentheses, your example can be written over multiple lines: a = ('1' + '2' + '3' +
    '4' + '5') The same effect can be obtained using explicit line break: a = '1' + '2' + '3' + \
    '4' + '5' Note that the style guide says that using the implicit continuation with parentheses is preferred, but in this particular case just adding parentheses around your expression is probably the wrong way to go.","python,syntax,line-breaks,long-lines",1417,53180,https://stackoverflow.com/questions/53162/how-can-i-do-a-line-break-line-continuation-in-python-split-up-a-long-line-of
What is a mixin and why is it useful?,"A mixin is a special kind of multiple inheritance.  There are two main situations where mixins are used: You want to provide a lot of optional features for a class. You want to use one particular feature in a lot of different classes. For an example of number one, consider werkzeug's request and response system .  I can make a plain old request object by saying: from werkzeug import BaseRequest

class Request(BaseRequest):
    pass If I want to add accept header support, I would make that from werkzeug import BaseRequest, AcceptMixin

class Request(AcceptMixin, BaseRequest):
    pass If I wanted to make a request object that supports accept headers, etags, authentication, and user agent support, I could do this: from werkzeug import BaseRequest, AcceptMixin, ETagRequestMixin, UserAgentMixin, AuthenticationMixin

class Request(AcceptMixin, ETagRequestMixin, UserAgentMixin, AuthenticationMixin, BaseRequest):
    pass The difference is subtle, but in the above examples, the mixin classes weren't made to stand on their own.  In more traditional multiple inheritance, the AuthenticationMixin (for example) would probably be something more like Authenticator .  That is, the class would probably be designed to stand on its own.","python,oop,multiple-inheritance,mixins,python-class",1413,547714,https://stackoverflow.com/questions/533631/what-is-a-mixin-and-why-is-it-useful
How can I read a text file into a string variable and strip newlines?,"You could use: with open('data.txt', 'r') as file:
    data = file.read().replace('\n', '') Or if the file content is guaranteed to be one line: with open('data.txt', 'r') as file:
    data = file.read().rstrip()","python,string",1411,8369345,https://stackoverflow.com/questions/8369219/how-can-i-read-a-text-file-into-a-string-variable-and-strip-newlines
How do I reverse a list or loop over it backwards?,"To get a new reversed list, apply the reversed function and collect the items into a list : >>> xs = [0, 10, 20, 40]
>>> list(reversed(xs))
[40, 20, 10, 0] To iterate backwards through a list: >>> xs = [0, 10, 20, 40]
>>> for x in reversed(xs):
...     print(x)
40
20
10
0","python,list,reverse",1410,3940144,https://stackoverflow.com/questions/3940128/how-do-i-reverse-a-list-or-loop-over-it-backwards
Putting a simple if-then-else statement on one line,"That's more specifically a ternary operator expression than an if-then, here's the python syntax value_when_true if condition else value_when_false Better Example: (thanks Mr. Burns ) 'Yes' if fruit == 'Apple' else 'No' Now with assignment and contrast with if syntax fruit = 'Apple'
isApple = True if fruit == 'Apple' else False vs fruit = 'Apple'
isApple = False
if fruit == 'Apple' : isApple = True","python,if-statement,syntax,conditional-operator",1404,2802748,https://stackoverflow.com/questions/2802726/putting-a-simple-if-then-else-statement-on-one-line
"Extract file name from path, no matter what the os/path format","Using os.path.split or os.path.basename as others suggest won't work in all cases: if you're running the script on Linux and attempt to process a classic windows-style path, it will fail. Windows paths can use either backslash or forward slash as path separator. Therefore, the ntpath module (which is equivalent to os.path when running on windows) will work for all (1) paths on all platforms. import ntpath
ntpath.basename(""a/b/c"") Of course, if the file ends with a slash, the basename will be empty, so make your own function to deal with it: def path_leaf(path):
    head, tail = ntpath.split(path)
    return tail or ntpath.basename(head) Verification: >>> paths = ['a/b/c/', 'a/b/c', '\\a\\b\\c', '\\a\\b\\c\\', 'a\\b\\c', 
...     'a/b/../../a/b/c/', 'a/b/../../a/b/c']
>>> [path_leaf(path) for path in paths]
['c', 'c', 'c', 'c', 'c', 'c', 'c'] (1) There's one caveat: Linux filenames may contain backslashes . So on linux, r'a/b\c' always refers to the file b\c in the a folder, while on Windows, it always refers to the c file in the b subfolder of the a folder. So when both forward and backward slashes are used in a path, you need to know the associated platform to be able to interpret it correctly. In practice it's usually safe to assume it's a windows path since backslashes are seldom used in Linux filenames, but keep this in mind when you code so you don't create accidental security holes.","python,path",1395,8384788,https://stackoverflow.com/questions/8384737/extract-file-name-from-path-no-matter-what-the-os-path-format
Get a list from Pandas DataFrame column headers,You can get the values as a list by doing: list(my_dataframe.columns.values) Also you can simply use (as shown in Ed Chum's answer ): list(my_dataframe),"python,pandas,dataframe,list,header",1395,19483025,https://stackoverflow.com/questions/19482970/get-a-list-from-pandas-dataframe-column-headers
Use a list of values to select rows from a Pandas dataframe,"You can use the isin method: In [1]: df = pd.DataFrame({'A': [5,6,3,4], 'B': [1,2,3,5]})

In [2]: df
Out[2]:
   A  B
0  5  1
1  6  2
2  3  3
3  4  5

In [3]: df[df['A'].isin([3, 6])]
Out[3]:
   A  B
1  6  2
2  3  3 And to get the opposite use ~ : In [4]: df[~df['A'].isin([3, 6])]
Out[4]:
   A  B
0  5  1
3  4  5","python,pandas,dataframe,indexing,filter",1393,12098586,https://stackoverflow.com/questions/12096252/use-a-list-of-values-to-select-rows-from-a-pandas-dataframe
Correct way to write line to file?,"This should be as simple as: with open('somefile.txt', 'a') as the_file:
    the_file.write('Hello\n') From The Documentation: Do not use os.linesep as a line terminator when writing files opened in text mode (the default); use a single '\n' instead, on all platforms. Some useful reading: The with statement open() 'a' is for append, or use 'w' to write with truncation os (particularly os.linesep )","python,file-io",1391,6160082,https://stackoverflow.com/questions/6159900/correct-way-to-write-line-to-file
How does Python&#39;s super() work with multiple inheritance?,"This is detailed with a reasonable amount of detail by Guido himself in his blog post Method Resolution Order (including two earlier attempts). In your example, Third() will call First.__init__ . Python looks for each attribute in the class's parents as they are listed left to right. In this case, we are looking for __init__ . So, if you define class Third(First, Second):
    ... Python will start by looking at First , and, if First doesn't have the attribute, then it will look at Second . This situation becomes more complex when inheritance starts crossing paths (for example if First inherited from Second ). Read the link above for more details, but, in a nutshell, Python will try to maintain the order in which each class appears on the inheritance list, starting with the child class itself. So, for instance, if you had: class First(object):
    def __init__(self):
        print ""first""

class Second(First):
    def __init__(self):
        print ""second""

class Third(First):
    def __init__(self):
        print ""third""

class Fourth(Second, Third):
    def __init__(self):
        super(Fourth, self).__init__()
        print ""that's it"" the MRO would be [Fourth, Second, Third, First]. By the way: if Python cannot find a coherent method resolution order, it'll raise an exception, instead of falling back to behavior which might surprise the user. Example of an ambiguous MRO: class First(object):
    def __init__(self):
        print ""first""
        
class Second(First):
    def __init__(self):
        print ""second""

class Third(First, Second):
    def __init__(self):
        print ""third"" Should Third 's MRO be [First, Second] or [Second, First] ? There's no obvious expectation, and Python will raise an error: TypeError: Error when calling the metaclass bases
    Cannot create a consistent method resolution order (MRO) for bases Second, First Why do the examples above lack super() calls? The point of the examples is to show how the MRO is constructed. They are not intended to print ""first\nsecond\third"" or whatever. You can – and should, of course, play around with the example, add super() calls, see what happens, and gain a deeper understanding of Python's inheritance model. But my goal here is to keep it simple and show how the MRO is built. And it is built as I explained: >>> Fourth.__mro__
(<class '__main__.Fourth'>,
 <class '__main__.Second'>, <class '__main__.Third'>,
 <class '__main__.First'>,
 <type 'object'>)","python,multiple-inheritance",1389,3277407,https://stackoverflow.com/questions/3277367/how-does-pythons-super-work-with-multiple-inheritance
How do I trim whitespace from a string?,"To remove all whitespace surrounding a string, use .strip() . Examples: >>> ' Hello '.strip()
'Hello'
>>> ' Hello'.strip()
'Hello'
>>> 'Bob has a cat'.strip()
'Bob has a cat'
>>> '   Hello   '.strip()  # ALL consecutive spaces at both ends removed
'Hello' Note that str.strip() removes all whitespace characters, including tabs and newlines. To remove only spaces, specify the specific character to remove as an argument to strip : >>> ""  Hello\n  "".strip("" "")
'Hello\n' To remove only one space at most: def strip_one_space(s):
    if s.endswith("" ""): s = s[:-1]
    if s.startswith("" ""): s = s[1:]
    return s

>>> strip_one_space(""   Hello "")
'  Hello'","python,string,trim",1388,761825,https://stackoverflow.com/questions/761804/how-do-i-trim-whitespace-from-a-string
How do I type hint a method with the type of the enclosing class?,"I guess you got this exception: NameError: name 'Position' is not defined This is because in the original implementation of annotations, Position must be defined before you can use it in an annotation. Python 3.14+: It'll just work Python 3.14 has a new, lazily evaluated annotation implementation specified by PEP 749 and 649 . Annotations will be compiled to special __annotate__ functions, executed when an object's __annotations__ dict is first accessed instead of at the point where the annotation itself occurs. Thus, annotating your function as def __add__(self, other: Position) -> Position: no longer requires Position to already exist: class Position:
    def __add__(self, other: Position) -> Position:
        ... Python 3.7+, deprecated: from __future__ import annotations from __future__ import annotations turns on an older solution to this problem, PEP 563 , where all annotations are saved as strings instead of as __annotate__ functions or evaluated values. This was originally planned to become the default behavior, and almost became the default in 3.10 before being reverted. With the acceptance of PEP 749, this will be deprecated in Python 3.14, and it will be removed in a future Python version. Still, it works for now: from __future__ import annotations

class Position:
    def __add__(self, other: Position) -> Position:
        ... Python 3+: Use a string This is the original workaround, specified in PEP 484 . Write your annotations as string literals containing the text of whatever expression you originally wanted to use as an annotation: class Position:
    def __add__(self, other: 'Position') -> 'Position':
        ... from __future__ import annotations effectively automates doing this for all annotations in a file. typing.Self might sometimes be appropriate Introduced in Python 3.11, typing.Self refers to the type of the current instance, even if that type is a subclass of the class the annotation appears in. So if you have the following code: from typing import Self

class Parent:
    def me(self) -> Self:
        return self

class Child(Parent): pass

x: Child = Child().me() then Child().me() is treated as returning Child , instead of Parent . This isn't always what you want. But when it is, it's pretty convenient. For Python versions < 3.11, if you have typing_extensions installed, you can use: from typing_extensions import Self Sources The relevant parts of PEP 484, PEP 563, and PEP 649, to spare you the trip: Forward references When a type hint contains names that have not been defined yet, that definition may be expressed as a string literal, to be resolved later. A situation where this occurs commonly is the definition of a container class, where the class being defined occurs in the signature of some of the methods. For example, the following code (the start of a simple binary tree implementation) does not work: class Tree:
    def __init__(self, left: Tree, right: Tree):
        self.left = left
        self.right = right To address this, we write: class Tree:
    def __init__(self, left: 'Tree', right: 'Tree'):
        self.left = left
        self.right = right The string literal should contain a valid Python expression (i.e., compile(lit, '', 'eval') should be a valid code object) and it should evaluate without errors once the module has been fully loaded. The local and global namespace in which it is evaluated should be the same namespaces in which default arguments to the same function would be evaluated. and PEP 563, deprecated: Implementation In Python 3.10, function and variable annotations will no longer be evaluated at definition time. Instead, a string form will be preserved in the respective __annotations__ dictionary. Static type checkers will see no difference in behavior, whereas tools using annotations at runtime will have to perform postponed evaluation. ... Enabling the future behavior in Python 3.7 The functionality described above can be enabled starting from Python 3.7 using the following special import: from __future__ import annotations and PEP 649: Overview This PEP adds a new dunder attribute to the objects that support annotations–functions, classes, and modules. The new attribute is called __annotate__ , and is a reference to a function which computes and returns that object’s annotations dict. At compile time, if the definition of an object includes annotations, the Python compiler will write the expressions computing the annotations into its own function. When run, the function will return the annotations dict. The Python compiler then stores a reference to this function in __annotate__ on the object. Furthermore, __annotations__ is redefined to be a “data descriptor” which calls this annotation function once and caches the result. Things that you may be tempted to do instead A. Define a dummy Position Before the class definition, place a dummy definition: class Position(object):
    pass

class Position:

    def __init__(self, x: int, y: int):
        self.x = x
        self.y = y

    def __add__(self, other: Position) -> Position:
        return Position(self.x + other.x, self.y + other.y) This will get rid of the NameError and may even look OK: >>> Position.__add__.__annotations__
{'other': __main__.Position, 'return': __main__.Position} But is it? >>> for k, v in Position.__add__.__annotations__.items():
...     print(k, 'is Position:', v is Position)                                                                                                                                                                                                                  
return is Position: False
other is Position: False And mypy will report a pile of errors: main.py:4: error: Name ""Position"" already defined on line 1  [no-redef]
main.py:11: error: Too many arguments for ""Position""  [call-arg]
main.py:11: error: ""Position"" has no attribute ""x""  [attr-defined]
main.py:11: error: ""Position"" has no attribute ""y""  [attr-defined]
Found 4 errors in 1 file (checked 1 source file) B. Monkey-patch in order to add the annotations: You may want to try some Python metaprogramming magic and write a decorator
to monkey-patch the class definition in order to add annotations: class Position:
    ...
    def __add__(self, other):
        return self.__class__(self.x + other.x, self.y + other.y) The decorator should be responsible for the equivalent of this: Position.__add__.__annotations__['return'] = Position
Position.__add__.__annotations__['other'] = Position It'll work right at runtime: >>> for k, v in Position.__add__.__annotations__.items():
...     print(k, 'is Position:', v is Position)                                                                                                                                                                                                                  
return is Position: True
other is Position: True But static analyzers like mypy won't understand it, and static analysis is the biggest use case of type annotations.","python,pycharm,python-typing",1386,33533514,https://stackoverflow.com/questions/33533148/how-do-i-type-hint-a-method-with-the-type-of-the-enclosing-class
How do I return dictionary keys as a list in Python?,"This will convert the dict_keys object to a list : list(newdict.keys()) On the other hand, you should ask yourself whether or not it matters. It is Pythonic to assume duck typing -- if it looks like a duck and it quacks like a duck, it is a duck . The dict_keys object can be iterated over just like a list . For instance: for key in newdict.keys():
    print(key) Note that dict_keys doesn't support insertion newdict[k] = v , though you may not need it.","python,python-3.x,list,dictionary",1383,16819250,https://stackoverflow.com/questions/16819222/how-do-i-return-dictionary-keys-as-a-list-in-python
How do I get file creation and modification date/times?,"In Python 3.4 and above, you can use the object oriented pathlib module interface which includes wrappers for much of the os module.  Here is an example of getting the file stats. >>> import pathlib
>>> fname = pathlib.Path('test.py')
>>> assert fname.exists(), f'No such file: {fname}'  # check that the file exists
>>> print(fname.stat())
os.stat_result(st_mode=33206, st_ino=5066549581564298, st_dev=573948050, st_nlink=1, st_uid=0, st_gid=0, st_size=413, st_atime=1523480272, st_mtime=1539787740, st_ctime=1523480272) For more information about what os.stat_result contains, refer to the documentation . For the modification time you want fname.stat().st_mtime : >>> import datetime
>>> mtime = datetime.datetime.fromtimestamp(fname.stat().st_mtime, tz=datetime.timezone.utc)
>>> print(mtime)
datetime.datetime(2018, 10, 17, 10, 49, 0, 249980) If you want the creation time on Windows, or the most recent metadata change on Unix, you would use fname.stat().st_ctime : >>> ctime = datetime.datetime.fromtimestamp(fname.stat().st_ctime, tz=datetime.timezone.utc)
>>> print(ctime)
datetime.datetime(2018, 4, 11, 16, 57, 52, 151953) This article has more helpful info and examples for the pathlib module.","python,file",1381,52858040,https://stackoverflow.com/questions/237079/how-do-i-get-file-creation-and-modification-date-times
How to get the ASCII value of a character,"From here : The function ord() gets the int value
of the char. And in case you want to
convert back after playing with the
number, function chr() does the trick. >>> ord('a')
97
>>> chr(97)
'a'
>>> chr(ord('a') + 3)
'd'
>>> In Python 2, there was also the unichr function, returning the Unicode character whose ordinal is the unichr argument: >>> unichr(97)
u'a'
>>> unichr(1234)
u'\u04d2' In Python 3 you can use chr instead of unichr . ord() - Python 3.6.5rc1 documentation ord() - Python 2.7.14 documentation","python,ascii",1366,227472,https://stackoverflow.com/questions/227459/how-to-get-the-ascii-value-of-a-character
"If Python is interpreted, what are .pyc files?","They contain byte code , which is what the Python interpreter compiles the source to. This code is then executed by Python's virtual machine. Python's documentation explains the definition like this: Python is an interpreted language, as
opposed to a compiled one, though the
distinction can be blurry because of
the presence of the bytecode compiler.
This means that source files can be
run directly without explicitly
creating an executable which is then
run.","python,compiled,interpreted-language,pyc",1365,2998228,https://stackoverflow.com/questions/2998215/if-python-is-interpreted-what-are-pyc-files
What is the purpose of the `self` parameter? Why is it needed?,"The reason you need to use self is because Python does not use special syntax to refer to instance attributes. Python decided to do methods in a way that makes the instance to which the method belongs be passed automatically but not received automatically, the first parameter of methods is the instance the method is called on. That makes methods entirely the same as functions and leaves the actual name to use up to you (although self is the convention, and people will generally frown at you when you use something else.) self is not special to the code, it's just another object. Python could have done something else to distinguish normal names from attributes -- special syntax like Ruby has, or requiring declarations like C++ and Java do, or perhaps something yet more different -- but it didn't. Python's all for making things explicit, making it obvious what's what, and although it doesn't do it entirely everywhere, it does do it for instance attributes. That's why assigning to an instance attribute needs to know what instance to assign to, and that's why it needs self .","python,class,oop,self",1362,2709832,https://stackoverflow.com/questions/2709821/what-is-the-purpose-of-the-self-parameter-why-is-it-needed
Converting from a string to boolean in Python,"Really, you just compare the string to whatever you expect to accept as representing true, so you can do this: s == 'True' Or to checks against a whole bunch of values: s.lower() in ['true', '1', 't', 'y', 'yes', 'yeah', 'yup', 'certainly', 'uh-huh'] Be cautious when using the following: >>> bool(""foo"")
True
>>> bool(""False"") # beware!
True
>>> bool("""")
False Empty strings evaluate to False , but everything else evaluates to True . So this should not be used for any kind of parsing purposes.","python,string,boolean",1361,715455,https://stackoverflow.com/questions/715417/converting-from-a-string-to-boolean-in-python
Count the number of occurrences of a character in a string,"str.count(sub[, start[, end]]) Return the number of non-overlapping occurrences of substring sub in the range [start, end] . Optional arguments start and end are interpreted as in slice notation. >>> sentence = 'Mary had a little lamb'
>>> sentence.count('a')
4","python,string,count",1358,1155647,https://stackoverflow.com/questions/1155617/count-the-number-of-occurrences-of-a-character-in-a-string
How to create a GUID/UUID in Python,"The uuid module provides immutable UUID objects (the UUID class) and the functions uuid1() , uuid3() , uuid4() , uuid5() for generating version 1, 3, 4, and 5 UUIDs as specified in RFC 4122 . If all you want is a unique ID, you should probably call uuid1() or uuid4() . Note that uuid1() may compromise privacy since it creates a UUID containing the computer’s network address. uuid4() creates a random UUID. UUID versions 6, 7 and 8 - new Universally Unique Identifier (UUID) formats for use in modern applications and as database keys - ( draft ) rfc - are available from https://pypi.org/project/uuid6/ Docs: Python 2 Python 3 Examples (for both Python 2 and 3): >>> import uuid

>>> # make a random UUID
>>> uuid.uuid4()
UUID('bd65600d-8669-4903-8a14-af88203add38')

>>> # Convert a UUID to a string of hex digits in standard form
>>> str(uuid.uuid4())
'f50ec0b7-f960-400d-91f0-c42a6d44e3d0'

>>> # Convert a UUID to a 32-character hexadecimal string
>>> uuid.uuid4().hex
'9fe2c4e93f654fdbb24c02b15259716c'","python,uuid,guid,uniqueidentifier",1345,534847,https://stackoverflow.com/questions/534839/how-to-create-a-guid-uuid-in-python
How to add a new column to an existing DataFrame,"Edit 2017 As indicated in the comments and by @Alexander, currently the best method to add the values of a Series as a new column of a DataFrame could be using assign : df1 = df1.assign(e=pd.Series(np.random.randn(sLength)).values) Edit 2015 Some reported getting the SettingWithCopyWarning with this code. However, the code still runs perfectly with the current pandas version 0.16.1. >>> sLength = len(df1['a'])
>>> df1
          a         b         c         d
6 -0.269221 -0.026476  0.997517  1.294385
8  0.917438  0.847941  0.034235 -0.448948

>>> df1['e'] = pd.Series(np.random.randn(sLength), index=df1.index)
>>> df1
          a         b         c         d         e
6 -0.269221 -0.026476  0.997517  1.294385  1.757167
8  0.917438  0.847941  0.034235 -0.448948  2.228131

>>> pd.version.short_version
'0.16.1' The SettingWithCopyWarning aims to inform of a possibly invalid assignment on a copy of the Dataframe. It doesn't necessarily say you did it wrong (it can trigger false positives) but from 0.13.0 it let you know there are more adequate methods for the same purpose. Then, if you get the warning, just follow its advise: Try using .loc[row_index,col_indexer] = value instead >>> df1.loc[:,'f'] = pd.Series(np.random.randn(sLength), index=df1.index)
>>> df1
          a         b         c         d         e         f
6 -0.269221 -0.026476  0.997517  1.294385  1.757167 -0.050927
8  0.917438  0.847941  0.034235 -0.448948  2.228131  0.006109
>>> In fact, this is currently the more efficient method as described in pandas docs Original answer: Use the original df1 indexes to create the series: df1['e'] = pd.Series(np.random.randn(sLength), index=df1.index)","python,pandas,dataframe,chained-assignment",1344,12555510,https://stackoverflow.com/questions/12555323/how-to-add-a-new-column-to-an-existing-dataframe
Why does comparing strings using either &#39;==&#39; or &#39;is&#39; sometimes produce a different result?,"is is identity testing, and == is equality testing. What happens in your code would be emulated in the interpreter like this: >>> a = 'pub'
>>> b = ''.join(['p', 'u', 'b'])
>>> a == b
True
>>> a is b
False So, no wonder they're not the same, right? In other words: a is b is the equivalent of id(a) == id(b)","python,string,comparison,identity,equality",1333,1504742,https://stackoverflow.com/questions/1504717/why-does-comparing-strings-using-either-or-is-sometimes-produce-a-differe
How do I get a list of locally installed Python modules?,"Solution Do not use with pip > 10.0! My 50 cents for getting a pip freeze -like list from a Python script: import pip
installed_packages = pip.get_installed_distributions()
installed_packages_list = sorted([""%s==%s"" % (i.key, i.version)
     for i in installed_packages])
print(installed_packages_list) As a (too long) one liner: sorted([""%s==%s"" % (i.key, i.version) for i in pip.get_installed_distributions()]) Giving: ['behave==1.2.4', 'enum34==1.0', 'flask==0.10.1', 'itsdangerous==0.24',
 'jinja2==2.7.2', 'jsonschema==2.3.0', 'markupsafe==0.23', 'nose==1.3.3',
 'parse-type==0.3.4', 'parse==1.6.4', 'prettytable==0.7.2', 'requests==2.3.0',
 'six==1.6.1', 'vioozer-metadata==0.1', 'vioozer-users-server==0.1',
 'werkzeug==0.9.4'] Scope This solution applies to the system scope or to a virtual environment scope, and covers packages installed by setuptools , pip and ( god forbid ) easy_install . My use case I added the result of this call to my Flask server, so when I call it with http://example.com/exampleServer/environment I get the list of packages installed on the server's virtualenv. It makes debugging a whole lot easier. Caveats I have noticed a strange behaviour of this technique - when the Python interpreter is invoked in the same directory as a setup.py file, it does not list the package installed by setup.py . Steps to reproduce: Create a virtual environment $ cd /tmp
$ virtualenv test_env
New python executable in test_env/bin/python
Installing setuptools, pip...done.
$ source test_env/bin/activate
(test_env) $ Clone a Git repository with setup.py (test_env) $ git clone https://github.com/behave/behave.git
Cloning into 'behave'...
remote: Reusing existing pack: 4350, done.
remote: Total 4350 (delta 0), reused 0 (delta 0)
Receiving objects: 100% (4350/4350), 1.85 MiB | 418.00 KiB/s, done.
Resolving deltas: 100% (2388/2388), done.
Checking connectivity... done. We have behave's setup.py in /tmp/behave : (test_env) $ ls /tmp/behave/setup.py
    /tmp/behave/setup.py Install the Python package from the Git repository (test_env) $ cd /tmp/behave && pip install .
running install
...
Installed /private/tmp/test_env/lib/python2.7/site-packages/enum34-1.0-py2.7.egg
Finished processing dependencies for behave==1.2.5a1 If we run the aforementioned solution from /tmp >>> import pip
>>> sorted([""%s==%s"" % (i.key, i.version) for i in pip.get_installed_distributions()])
['behave==1.2.5a1', 'enum34==1.0', 'parse-type==0.3.4', 'parse==1.6.4', 'six==1.6.1']
>>> import os
>>> os.getcwd()
'/private/tmp' If we run the aforementioned solution from /tmp/behave >>> import pip
>>> sorted([""%s==%s"" % (i.key, i.version) for i in pip.get_installed_distributions()])
['enum34==1.0', 'parse-type==0.3.4', 'parse==1.6.4', 'six==1.6.1']
>>> import os
>>> os.getcwd()
'/private/tmp/behave' behave==1.2.5a1 is missing from the second example, because the working directory contains behave 's setup.py file. I could not find any reference to this issue in the documentation. Perhaps I shall open a bug for it.","python,module,pip",1332,23885252,https://stackoverflow.com/questions/739993/how-do-i-get-a-list-of-locally-installed-python-modules
Maximum and Minimum values for ints,"Python 3 In Python 3, this question doesn't apply. The plain int type is unbounded. However, you might actually be looking for information about the current interpreter's word size , which will be the same as the machine's word size in most cases. That information is still available in Python 3 as sys.maxsize , which is the maximum value representable by a signed word. Equivalently, it's the size of the largest possible list or in-memory sequence. Generally, the maximum value representable by an unsigned word will be sys.maxsize * 2 + 1 , and the number of bits in a word will be math.log2(sys.maxsize * 2 + 2) . See this answer for more information. Python 2 In Python 2, the maximum value for plain int values is available as sys.maxint : >>> sys.maxint  # on my system, 2**63-1
9223372036854775807 You can calculate the minimum value with -sys.maxint - 1 as shown in the docs . Python seamlessly switches from plain to long integers once you exceed this value. So most of the time, you won't need to know it.","python,integer",1323,7604981,https://stackoverflow.com/questions/7604966/maximum-and-minimum-values-for-ints
How to get the line count of a large file cheaply in Python,"You can't get any better than that. After all, any solution will have to read the entire file, figure out how many \n you have, and return that result. Do you have a better way of doing that without reading the entire file? Not sure... The best solution will always be I/O-bound, best you can do is make sure you don't use unnecessary memory, but it looks like you have that covered. [Edit May 2023] As commented in many other answers, in Python 3 there are better alternatives. The for loop is not the most efficient. For example, using mmap or buffers is more efficient.","python,text-files,line-count",1323,845081,https://stackoverflow.com/questions/845058/how-to-get-the-line-count-of-a-large-file-cheaply-in-python
How do I import other Python files?,"importlib was added to Python 3 to programmatically import a module. import importlib

moduleName = input('Enter module name:')
importlib.import_module(moduleName) The .py extension should be removed from moduleName . The function also defines a package argument for relative imports. In python 2.x: Just import file without the .py extension A folder can be marked as a package, by adding an empty __init__.py file You can use the __import__ function, which takes the module name (without extension) as a string extension pmName = input('Enter module name:')
pm = __import__(pmName)
print(dir(pm)) Type help(__import__) for more details.","python,import,python-import,python-module,python-packaging",1317,2349998,https://stackoverflow.com/questions/2349991/how-do-i-import-other-python-files
How do I iterate through two lists in parallel?,"Python 3 for f, b in zip(foo, bar):
    print(f, b) zip stops when the shorter of foo or bar stops. In Python 3 , zip returns an iterator of tuples, like itertools.izip in Python2.  To get a list
of tuples, use list(zip(foo, bar)) . And to zip until both iterators are
exhausted, you would use itertools.zip_longest . Python 2 In Python 2 , zip returns a list of tuples. This is fine when foo and bar are not massive. If they are both massive then forming zip(foo,bar) is an unnecessarily massive
temporary variable, and should be replaced by itertools.izip or itertools.izip_longest , which returns an iterator instead of a list. import itertools
for f,b in itertools.izip(foo,bar):
    print(f,b)
for f,b in itertools.izip_longest(foo,bar):
    print(f,b) izip stops when either foo or bar is exhausted. izip_longest stops when both foo and bar are exhausted.
When the shorter iterator(s) are exhausted, izip_longest yields a tuple with None in the position corresponding to that iterator. You can also set a different fillvalue besides None if you wish. See here for the full story . Note also that zip and its zip -like brethen can accept an arbitrary number of iterables as arguments. For example, for num, cheese, color in zip([1,2,3], ['manchego', 'stilton', 'brie'], 
                              ['red', 'blue', 'green']):
    print('{} {} {}'.format(num, color, cheese)) prints 1 red manchego
2 blue stilton
3 green brie","python,list,for-loop,iterator",1311,1663826,https://stackoverflow.com/questions/1663807/how-do-i-iterate-through-two-lists-in-parallel
How do I install a Python package with a .whl file?,"I just used the following which was quite simple. First open a console then cd to where you've downloaded your file like some-package.whl and use pip install some-package.whl Note: if pip.exe is not recognized, you may find it in the ""Scripts"" directory from where python has been installed. If pip is not installed, this page can help: How do I install pip on Windows? Note: for clarification If you copy the *.whl file to your local drive (ex. C:\some-dir\some-file.whl ) use the following command line parameters -- pip install C:/some-dir/some-file.whl","python,pip,python-wheel",1311,27909082,https://stackoverflow.com/questions/27885397/how-do-i-install-a-python-package-with-a-whl-file
How to print a number using commas as thousands separators,"Locale-agnostic: use _ as the thousand separator f'{value:_}'          # For Python ≥3.6 Note that this will NOT format in the user's current locale and will always use _ as the thousand separator, so for example: 1234567 ⟶ 1_234_567 English style: use , as the thousand separator '{:,}'.format(value)  # For Python ≥2.7
f'{value:,}'          # For Python ≥3.6 Locale-aware import locale
locale.setlocale(locale.LC_ALL, '')  # Use '' for auto, or force e.g. to 'en_US.UTF-8'

'{:n}'.format(value)  # For Python ≥2.7
f'{value:n}'          # For Python ≥3.6 Reference Per Format Specification Mini-Language , The ',' option signals the use of a comma for a thousands separator. For a locale aware separator, use the 'n' integer presentation type instead. and: The '_' option signals the use of an underscore for a thousands separator for floating point presentation types and for integer presentation type 'd' . For integer presentation types 'b' , 'o' , 'x' , and 'X' , underscores will be inserted every 4 digits.","python,number-formatting",1310,10742904,https://stackoverflow.com/questions/1823058/how-to-print-a-number-using-commas-as-thousands-separators
Usage of __slots__?,"TLDR The special attribute __slots__ allows you to explicitly state which instance attributes you expect your object instances to have, with the expected results: faster attribute access. space savings in memory. The space savings is from: Storing value references in slots instead of __dict__ . Denying __dict__ and __weakref__ creation if parent classes deny them and you declare __slots__ . This has the effect of denying the creation of non-slotted attributes on its instances, including within the class body (such as in methods like __init__ ). Quick Caveats Small caveat, you should only declare a particular slot one time in an inheritance tree. For example: class Base:
    __slots__ = 'foo', 'bar'

class Right(Base):
    __slots__ = 'baz', 

class Wrong(Base):
    __slots__ = 'foo', 'bar', 'baz' # redundant foo and bar Python doesn't object when you get this wrong (it probably should), and problems might not otherwise manifest, but your objects will take up more space than they should. Python 3.8: >>> from sys import getsizeof
>>> getsizeof(Right()), getsizeof(Wrong())
(56, 72) This is because Base 's slot descriptor has a slot separate from Wrong 's. This shouldn't usually come up, but it could: >>> w = Wrong()
>>> w.foo = 'foo'
>>> Base.foo.__get__(w)
Traceback (most recent call last):
  File ""<stdin>"", line 1, in <module>
AttributeError: foo
>>> Wrong.foo.__get__(w)
'foo' The biggest caveat is for multiple inheritance - multiple ""parent classes with nonempty slots"" cannot be combined. To accommodate this restriction, follow best practices: create abstractions with empty __slots__ for every parent class (or for every parent class but one), then inherit from these abstractions instead of their concrete versions in your new concrete class. (The original parent classes should also inherit from their respective abstractions, of course.) See section on multiple inheritance below for an example. Requirements To have attributes named in __slots__ to actually be stored in slots instead of a __dict__ , a class must inherit from object (automatic in Python 3, but must be explicit in Python 2). To prevent the creation of a __dict__ , you must inherit from object and all classes in the inheritance must declare __slots__ and none of them can have a '__dict__' entry. There are a lot of details if you wish to keep reading. Why use __slots__ Faster attribute access The creator of Python, Guido van Rossum, states that he actually created __slots__ for faster attribute access. It's trivial to demonstrate measurably significant speedup: import timeit

class Foo(object): __slots__ = 'foo',
class Bar(object): pass

slotted = Foo()
not_slotted = Bar()

def get_set_delete_fn(obj):
    def get_set_delete():
        obj.foo = 'foo'
        obj.foo
        del obj.foo
    return get_set_delete and >>> min(timeit.repeat(get_set_delete_fn(slotted)))
0.2846834529991611
>>> min(timeit.repeat(get_set_delete_fn(not_slotted)))
0.3664822799983085 The slotted access is almost 30% faster in Python 3.5 on Ubuntu. >>> 0.3664822799983085 / 0.2846834529991611
1.2873325658284342 In Python 2 on Windows I have measured it about 15% faster. Memory Savings Another purpose of __slots__ is to reduce the space in memory that each object instance takes up. My own contribution to the documentation clearly states the reasons behind this: The space saved over using __dict__ can be significant. SQLAlchemy attributes a lot of memory savings to __slots__ . To verify this, using the Anaconda distribution of Python 2.7 on Ubuntu Linux, with guppy.hpy (aka heapy) and sys.getsizeof , the size of a class instance without __slots__ declared, and nothing else, is 64 bytes. That does not include the __dict__ . Thank you Python for lazy evaluation again, the __dict__ is apparently not called into existence until it is referenced, but classes without data are usually useless. When called into existence, the __dict__ attribute is a minimum of 280 bytes additionally. In contrast, a class instance with __slots__ declared to be () (no data) is only 16 bytes, and 56 total bytes with one item in slots, 64 with two. For 64 bit Python, I illustrate the memory consumption in bytes in Python 2.7 and 3.6, for __slots__ and __dict__ (no slots defined) for each point where the dict grows in 3.6 (except for 0, 1, and 2 attributes): Python 2.7             Python 3.6
attrs  __slots__  __dict__*   __slots__  __dict__* | *(no slots defined)
none   16         56 + 272†   16         56 + 112† | †if __dict__ referenced
one    48         56 + 272    48         56 + 112
two    56         56 + 272    56         56 + 112
six    88         56 + 1040   88         56 + 152
11     128        56 + 1040   128        56 + 240
22     216        56 + 3344   216        56 + 408     
43     384        56 + 3344   384        56 + 752 So, in spite of smaller dicts in Python 3, we see how nicely __slots__ scales for instances to save us memory, and that is a major reason you would want to use __slots__ . Just for completeness of my notes, note that there is a one-time cost per slot in the class's namespace of 64 bytes in Python 2, and 72 bytes in Python 3, because slots use data descriptors like properties, called ""members"". >>> Foo.foo
<member 'foo' of 'Foo' objects>
>>> type(Foo.foo)
<class 'member_descriptor'>
>>> getsizeof(Foo.foo)
72 Demonstration To deny the creation of a __dict__ , you must subclass object . Everything subclasses object in Python 3, but in Python 2 you had to be explicit: class Base(object): 
    __slots__ = () now: >>> b = Base()
>>> b.a = 'a'
Traceback (most recent call last):
  File ""<pyshell#38>"", line 1, in <module>
    b.a = 'a'
AttributeError: 'Base' object has no attribute 'a' Or subclass another class that defines __slots__ class Child(Base):
    __slots__ = ('a',) and now: c = Child()
c.a = 'a' but: >>> c.b = 'b'
Traceback (most recent call last):
  File ""<pyshell#42>"", line 1, in <module>
    c.b = 'b'
AttributeError: 'Child' object has no attribute 'b' To allow __dict__ creation while subclassing slotted objects, just add '__dict__' to the __slots__ (note that slots are ordered, and you shouldn't repeat slots that are already in parent classes): class SlottedWithDict(Child): 
    __slots__ = ('__dict__', 'b')

swd = SlottedWithDict()
swd.a = 'a'
swd.b = 'b'
swd.c = 'c' and >>> swd.__dict__
{'c': 'c'} Or you don't even need to declare __slots__ in your subclass, and you will still use slots from the parents, but not restrict the creation of a __dict__ : class NoSlots(Child): pass
ns = NoSlots()
ns.a = 'a'
ns.b = 'b' and: >>> ns.__dict__
{'b': 'b'} However, __slots__ may cause problems for multiple inheritance: class BaseA(object): 
    __slots__ = ('a',)

class BaseB(object): 
    __slots__ = ('b',)
```python

Because creating a child class from parents with both non-empty slots fails:

```python
>>> class Child(BaseA, BaseB): __slots__ = ()
Traceback (most recent call last):
  File ""<pyshell#68>"", line 1, in <module>
    class Child(BaseA, BaseB): __slots__ = ()
TypeError: Error when calling the metaclass bases
    multiple bases have instance lay-out conflict If you run into this problem, You could just remove __slots__ from the parents, or if you have control of the parents, give them empty slots, or refactor to abstractions: from abc import ABC

class AbstractA(ABC):
    __slots__ = ()

class BaseA(AbstractA): 
    __slots__ = ('a',)

class AbstractB(ABC):
    __slots__ = ()

class BaseB(AbstractB): 
    __slots__ = ('b',)

class Child(AbstractA, AbstractB): 
    __slots__ = ('a', 'b')

c = Child() # no problem! Add '__dict__' to __slots__ to get dynamic assignment class Foo(object):
    __slots__ = 'bar', 'baz', '__dict__' and now: >>> foo = Foo()
>>> foo.boink = 'boink' So with '__dict__' in slots we lose some of the size benefits with the upside of having dynamic assignment and still having slots for the names we do expect. When you inherit from an object that isn't slotted, you get the same sort of semantics when you use __slots__ - names that are in __slots__ point to  slotted values, while any other values are put in the instance's __dict__ . Avoiding __slots__ because you want to be able to add attributes on the fly is actually not a good reason - just add ""__dict__"" to your __slots__ if this is required. You can similarly add __weakref__ to __slots__ explicitly if you need that feature. Set to empty tuple when subclassing a namedtuple The namedtuple builtin make immutable instances that are very lightweight (essentially, the size of tuples) but to get the benefits, you need to do it yourself if you subclass them: from collections import namedtuple
class MyNT(namedtuple('MyNT', 'bar baz')):
    """"""MyNT is an immutable and lightweight object""""""
    __slots__ = () usage: >>> nt = MyNT('bar', 'baz')
>>> nt.bar
'bar'
>>> nt.baz
'baz' And trying to assign an unexpected attribute raises an AttributeError because we have prevented the creation of __dict__ : >>> nt.quux = 'quux'
Traceback (most recent call last):
  File ""<stdin>"", line 1, in <module>
AttributeError: 'MyNT' object has no attribute 'quux' You can allow __dict__ creation by leaving off __slots__ = () , but you can't use non-empty __slots__ with subtypes of tuple. Biggest Caveat: Multiple inheritance Even when non-empty slots are the same for multiple parents, they cannot be used together: class Foo(object): 
    __slots__ = 'foo', 'bar'
class Bar(object):
    __slots__ = 'foo', 'bar' # alas, would work if empty, i.e. ()

>>> class Baz(Foo, Bar): pass
Traceback (most recent call last):
  File ""<stdin>"", line 1, in <module>
TypeError: Error when calling the metaclass bases
    multiple bases have instance lay-out conflict Using an empty __slots__ in the parent seems to provide the most flexibility, allowing the child to choose to prevent or allow (by adding '__dict__' to get dynamic assignment, see section above) the creation of a __dict__ : class Foo(object): __slots__ = ()
class Bar(object): __slots__ = ()
class Baz(Foo, Bar): __slots__ = ('foo', 'bar')
b = Baz()
b.foo, b.bar = 'foo', 'bar' You don't have to have slots - so if you add them, and remove them later, it shouldn't cause any problems. Going out on a limb here : If you're composing mixins or using abstract base classes , which aren't intended to be instantiated, an empty __slots__ in those parents seems to be the best way to go in terms of flexibility for subclassers. To demonstrate, first, let's create a class with code we'd like to use under multiple inheritance class AbstractBase:
    __slots__ = ()
    def __init__(self, a, b):
        self.a = a
        self.b = b
    def __repr__(self):
        return f'{type(self).__name__}({repr(self.a)}, {repr(self.b)})' We could use the above directly by inheriting and declaring the expected slots: class Foo(AbstractBase):
    __slots__ = 'a', 'b' But we don't care about that, that's trivial single inheritance, we need another class we might also inherit from, maybe with a noisy attribute: class AbstractBaseC:
    __slots__ = ()
    @property
    def c(self):
        print('getting c!')
        return self._c
    @c.setter
    def c(self, arg):
        print('setting c!')
        self._c = arg Now if both bases had nonempty slots, we couldn't do the below. (In fact, if we wanted, we could have given AbstractBase nonempty slots a and b, and left them out of the below declaration - leaving them in would be wrong): class Concretion(AbstractBase, AbstractBaseC):
    __slots__ = 'a b _c'.split() And now we have functionality from both via multiple inheritance, and can still deny __dict__ and __weakref__ instantiation: >>> c = Concretion('a', 'b')
>>> c.c = c
setting c!
>>> c.c
getting c!
Concretion('a', 'b')
>>> c.d = 'd'
Traceback (most recent call last):
  File ""<stdin>"", line 1, in <module>
AttributeError: 'Concretion' object has no attribute 'd' Other cases to avoid slots Avoid them when you want to perform __class__ assignment with another class that doesn't have them (and you can't add them) unless the slot layouts are identical. (I am very interested in learning who is doing this and why.) Avoid them if you want to subclass variable length builtins like long, tuple, or str, and you want to add attributes to them. Avoid them if you insist on providing default values via class attributes for instance variables. You may be able to tease out further caveats from the rest of the __slots__ documentation . Critiques of other answers The current top answers cite outdated information and are quite hand-wavy and miss the mark in some important ways. Do not ""only use __slots__ when instantiating lots of objects"" I quote: ""You would want to use __slots__ if you are going to instantiate a lot (hundreds, thousands) of objects of the same class."" Abstract Base Classes, for example, from the collections module, are not instantiated, yet __slots__ are declared for them. Why? If a user wishes to deny __dict__ or __weakref__ creation, those things must not be available in the parent classes. __slots__ contributes to reusability when creating interfaces or mixins. It is true that many Python users aren't writing for reusability, but when you are, having the option to deny unnecessary space usage is valuable. __slots__ doesn't break pickling When pickling a slotted object, you may find it complains with a misleading TypeError : >>> pickle.loads(pickle.dumps(f))
TypeError: a class that defines __slots__ without defining __getstate__ cannot be pickled This is actually incorrect. This message comes from the oldest protocol, which is the default. You can select the latest protocol with the -1 argument. In Python 2.7 this would be 2 (which was introduced in 2.3), and in 3.6 it is 4 . >>> pickle.loads(pickle.dumps(f, -1))
<__main__.Foo object at 0x1129C770> in Python 2.7: >>> pickle.loads(pickle.dumps(f, 2))
<__main__.Foo object at 0x1129C770> in Python 3.6 >>> pickle.loads(pickle.dumps(f, 4))
<__main__.Foo object at 0x1129C770> So I would keep this in mind, as it is a solved problem. Critique of the (until Oct 2, 2016) accepted answer The first paragraph is half short explanation, half predictive. Here's the only part that actually answers the question The proper use of __slots__ is to save space in objects. Instead of having a dynamic dict that allows adding attributes to objects at anytime, there is a static structure which does not allow additions after creation. This saves the overhead of one dict for every object that uses slots The second half is wishful thinking, and off the mark: While this is sometimes a useful optimization, it would be completely unnecessary if the Python interpreter was dynamic enough so that it would only require the dict when there actually were additions to the object. Python actually does something similar to this, only creating the __dict__ when it is accessed, but creating lots of objects with no data is fairly ridiculous. The second paragraph oversimplifies and misses actual reasons to avoid __slots__ . The below is not a real reason to avoid slots (for actual reasons, see the rest of my answer above.): They change the behavior of the objects that have slots in a way that can be abused by control freaks and static typing weenies. It then goes on to discuss other ways of accomplishing that perverse goal with Python, not discussing anything to do with __slots__ . The third paragraph is more wishful thinking. Together it is mostly off-the-mark content that the answerer didn't even author and contributes to ammunition for critics of the site. Memory usage evidence Create some normal objects and slotted objects: >>> class Foo(object): pass
>>> class Bar(object): __slots__ = () Instantiate a million of them: >>> foos = [Foo() for f in xrange(1000000)]
>>> bars = [Bar() for b in xrange(1000000)] Inspect with guppy.hpy().heap() : >>> guppy.hpy().heap()
Partition of a set of 2028259 objects. Total size = 99763360 bytes.
 Index  Count   %     Size   % Cumulative  % Kind (class / dict of class)
     0 1000000  49 64000000  64  64000000  64 __main__.Foo
     1     169   0 16281480  16  80281480  80 list
     2 1000000  49 16000000  16  96281480  97 __main__.Bar
     3   12284   1   987472   1  97268952  97 str
... Access the regular objects and their __dict__ and inspect again: >>> for f in foos:
...     f.__dict__
>>> guppy.hpy().heap()
Partition of a set of 3028258 objects. Total size = 379763480 bytes.
 Index  Count   %      Size    % Cumulative  % Kind (class / dict of class)
     0 1000000  33 280000000  74 280000000  74 dict of __main__.Foo
     1 1000000  33  64000000  17 344000000  91 __main__.Foo
     2     169   0  16281480   4 360281480  95 list
     3 1000000  33  16000000   4 376281480  99 __main__.Bar
     4   12284   0    987472   0 377268952  99 str
... This is consistent with the history of Python, from Unifying types and classes in Python 2.2 . If you subclass a built-in type, extra space is automatically added to the instances to accomodate __dict__ and __weakrefs__ . (The __dict__ is not initialized until you use it though, so you shouldn't worry about the space occupied by an empty dictionary for each instance you create.) If you don't need this extra space, you can add the phrase "" __slots__ = [] "" to your class.","python,oop,python-internals,slots",1308,28059785,https://stackoverflow.com/questions/472000/usage-of-slots
Get the data received in a Flask request,"The docs describe the attributes available on the request object ( from flask import request ) during a request. In most common cases request.data will be empty because it's used as a fallback: request.data Contains the incoming request data as string in case it came with a mimetype Flask does not handle. request.args : the key/value pairs in the URL query string request.form : the key/value pairs in the body, from a HTML post form, or JavaScript request that isn't JSON encoded request.files : the files in the body, which Flask keeps separate from form . HTML forms must use enctype=multipart/form-data or files will not be uploaded. request.values : combined args and form , preferring args if keys overlap request.json : parsed JSON data. The request must have the application/json content type, or use request.get_json(force=True) to ignore the content type. All of these are MultiDict instances (except for json ). You can access values using: request.form['name'] : use indexing if you know the key exists request.form.get('name') : use get if the key might not exist request.form.getlist('name') : use getlist if the key is sent multiple times and you want a list of values. get only returns the first value.","python,flask,werkzeug",1304,16664376,https://stackoverflow.com/questions/10434599/get-the-data-received-in-a-flask-request
What is the difference between INNER JOIN and OUTER JOIN?,"Assuming you're joining on columns with no duplicates, which is a very common case: An inner join of A and B gives the result of A intersect B, i.e. the inner part of a Venn diagram intersection. An outer join of A and B gives the results of A union B, i.e. the outer parts of a Venn diagram union. Examples Suppose you have two tables, with a single column each, and data as follows: A    B
-    -
1    3
2    4
3    5
4    6 Note that (1,2) are unique to A, (3,4) are common, and (5,6) are unique to B. Inner join An inner join using either of the equivalent queries gives the intersection of the two tables, i.e. the two rows they have in common. select * from a INNER JOIN b on a.a = b.b;
select a.*, b.*  from a,b where a.a = b.b;

a | b
--+--
3 | 3
4 | 4 Left outer join A left outer join will give all rows in A, plus any common rows in B. select * from a LEFT OUTER JOIN b on a.a = b.b;
select a.*, b.*  from a,b where a.a = b.b(+);

a |  b
--+-----
1 | null
2 | null
3 |    3
4 |    4 Right outer join A right outer join will give all rows in B, plus any common rows in A. select * from a RIGHT OUTER JOIN b on a.a = b.b;
select a.*, b.*  from a,b where a.a(+) = b.b;

a    |  b
-----+----
3    |  3
4    |  4
null |  5
null |  6 Full outer join A full outer join will give you the union of A and B, i.e. all the rows in A and all the rows in B. If something in A doesn't have a corresponding datum in B, then the B portion is null, and vice versa. select * from a FULL OUTER JOIN b on a.a = b.b;

 a   |  b
-----+-----
   1 | null
   2 | null
   3 |    3
   4 |    4
null |    6
null |    5","sql,join,inner-join,outer-join",5294,38578,https://stackoverflow.com/questions/38549/what-is-the-difference-between-inner-join-and-outer-join
UPDATE from a SELECT,"UPDATE
    Table_A
SET
    Table_A.col1 = Table_B.col1,
    Table_A.col2 = Table_B.col2
FROM
    Some_Table AS Table_A
    INNER JOIN Other_Table AS Table_B
        ON Table_A.id = Table_B.id
WHERE
    Table_A.col3 = 'cool'","sql,sql-server,t-sql,sql-update",4350,2334741,https://stackoverflow.com/questions/2334712/update-from-a-select
How to add a column with a default value to an existing table in SQL Server?,"Syntax: ALTER TABLE {TABLENAME} 
ADD {COLUMNNAME} {TYPE} {NULL|NOT NULL} 
CONSTRAINT {CONSTRAINT_NAME} DEFAULT {DEFAULT_VALUE}
WITH VALUES Example: ALTER TABLE SomeTable
        ADD SomeCol Bit NULL --Or NOT NULL.
 CONSTRAINT D_SomeTable_SomeCol --When Omitted a Default-Constraint Name is autogenerated.
    DEFAULT (0)--Optional Default-Constraint.
WITH VALUES --Add if Column is Nullable and you want the Default Value for Existing Records. Notes: Optional Constraint Name: If you leave out CONSTRAINT D_SomeTable_SomeCol then SQL Server will autogenerate a Default-Contraint with a funny Name like: DF__SomeTa__SomeC__4FB7FEF6 Optional With-Values Statement: The WITH VALUES is only needed when your Column is Nullable and you want the Default Value used for Existing Records. If your Column is NOT NULL , then it will automatically use the Default Value for all Existing Records, whether you specify WITH VALUES or not. How Inserts work with a Default-Constraint: If you insert a Record into SomeTable and do not Specify SomeCol 's value, then it will Default to 0 . If you insert a Record and Specify SomeCol 's value as NULL (and your column allows nulls), then the Default-Constraint will not be used and NULL will be inserted as the Value. Notes were based on everyone's great feedback below. Special Thanks to: @Yatrix, @WalterStabosz, @YahooSerious, and @StackMan for their Comments.","sql,sql-server,sql-server-2005,sql-server-2000",3329,92123,https://stackoverflow.com/questions/92082/how-to-add-a-column-with-a-default-value-to-an-existing-table-in-sql-server
How does database indexing work in reality?,"Why is it needed? When data is stored on disk-based storage devices, it is stored as blocks of data. These blocks are accessed in their entirety, making them the atomic disk access operation. Disk blocks are structured in much the same way as linked lists; both contain a section for data, a pointer to the location of the next node (or block), and both need not be stored contiguously. Due to the fact that a number of records can only be sorted on one field, we can state that searching on a field that isn’t sorted requires a Linear Search which requires (N+1)/2 block accesses (on average), where N is the number of blocks that the table spans. If that field is a non-key field (i.e. doesn’t contain unique entries) then the entire tablespace must be searched at N block accesses. Whereas with a sorted field, a Binary Search may be used, which has log2 N block accesses. Also since the data is sorted given a non-key field, the rest of the table doesn’t need to be searched for duplicate values, once a higher value is found. Thus the performance increase is substantial. What is indexing? Indexing is a way of sorting a number of records on multiple fields. Creating an index on a field in a table creates another data structure which holds the field value, and a pointer to the record it relates to. This index structure is then sorted, allowing Binary Searches to be performed on it. The downside to indexing is that these indices require additional space on the disk since the indices are stored together in a table using the MyISAM engine, this file can quickly reach the size limits of the underlying file system if many fields within the same table are indexed. How does it work? Firstly, let’s outline a sample database table schema; Field name       Data type      Size on disk
id (Primary key) Unsigned INT   4 bytes
firstName        Char(50)       50 bytes
lastName         Char(50)       50 bytes
emailAddress     Char(100)      100 bytes Note : char was used in place of varchar to allow for an accurate size on disk value. This sample database contains five million rows and is unindexed. The performance of several queries will now be analyzed. These are a query using the id (a sorted key field) and one using the firstName (a non-key unsorted field). Example 1 - sorted vs unsorted fields Given our sample database of r = 5,000,000 records of a fixed size giving a record length of R = 204 bytes and they are stored in a table using the MyISAM engine which is using the default block size B = 1,024 bytes. The blocking factor of the table would be bfr = (B/R) = 1024/204 = 5 records per disk block. The total number of blocks required to hold the table is N = (r/bfr) = 5000000/5 = 1,000,000 blocks. A linear search on the id field would require an average of N/2 = 500,000 block accesses to find a value, given that the id field is a key field. But since the id field is also sorted, a binary search can be conducted requiring an average of log2 1000000 = 19.93 = 20 block accesses. Instantly we can see this is a drastic improvement. Now the firstName field is neither sorted nor a key field, so a binary search is impossible, nor are the values unique, and thus the table will require searching to the end for an exact N = 1,000,000 block accesses. It is this situation that indexing aims to correct. Given that an index record contains only the indexed field and a pointer to the original record, it stands to reason that it will be smaller than the multi-field record that it points to. So the index itself requires fewer disk blocks than the original table, which therefore requires fewer block accesses to iterate through. The schema for an index on the firstName field is outlined below; Field name       Data type      Size on disk
firstName        Char(50)       50 bytes
(record pointer) Special        4 bytes Note : Pointers in MySQL are 2, 3, 4 or 5 bytes in length depending on the size of the table. Example 2 - indexing Given our sample database of r = 5,000,000 records with an index record length of R = 54 bytes and using the default block size B = 1,024 bytes. The blocking factor of the index would be bfr = (B/R) = 1024/54 = 18 records per disk block. The total number of blocks required to hold the index is N = (r/bfr) = 5000000/18 = 277,778 blocks. Now a search using the firstName field can utilize the index to increase performance. This allows for a binary search of the index with an average of log2 277778 = 18.08 = 19 block accesses. To find the address of the actual record, which requires a further block access to read, bringing the total to 19 + 1 = 20 block accesses, a far cry from the 1,000,000 block accesses required to find a firstName match in the non-indexed table. When should it be used? Given that creating an index requires additional disk space (277,778 blocks extra from the above example, a ~28% increase), and that too many indices can cause issues arising from the file systems size limits, careful thought must be used to select the correct fields to index. Since indices are only used to speed up the searching for a matching field within the records, it stands to reason that indexing fields used only for output would be simply a waste of disk space and processing time when doing an insert or delete operation, and thus should be avoided. Also given the nature of a binary search, the cardinality or uniqueness of the data is important. Indexing on a field with a cardinality of 2 would split the data in half, whereas a cardinality of 1,000 would return approximately 1,000 records. With such a low cardinality the effectiveness is reduced to a linear sort, and the query optimizer will avoid using the index if the cardinality is less than 30% of the record number, effectively making the index a waste of space.","sql,database,performance,indexing,database-indexes",2908,1130,https://stackoverflow.com/questions/1108/how-does-database-indexing-work-in-reality
How can I prevent SQL injection in PHP?,"The correct way to avoid SQL injection attacks, no matter which database you use, is to separate the data from SQL , so that data stays data and will never be interpreted as commands by the SQL parser. It is possible to create an SQL statement with correctly formatted data parts, but if you don't fully understand the details, you should always use prepared statements and parameterized queries. These are SQL statements that are sent to and parsed by the database server separately from any parameters. This way it is impossible for an attacker to inject malicious SQL. You basically have two options to achieve this: Using PDO (for any supported database driver): $stmt = $pdo->prepare('SELECT * FROM users WHERE name = :name');
$stmt->execute([ 'name' => $name ]);

foreach ($stmt as $row) {
    // Do something with $row
} Using MySQLi (for MySQL): Since PHP 8.2+ we can make use of execute_query() which prepares, binds parameters, and executes SQL statement in one method: $result = $db->execute_query('SELECT * FROM users WHERE name = ?', [$name]);
while ($row = $result->fetch_assoc()) {
    // Do something with $row
} Up to PHP8.1: $stmt = $db->prepare('SELECT * FROM employees WHERE name = ?');
$stmt->bind_param('s', $name); // 's' specifies variable type 'string'
$stmt->execute();
$result = $stmt->get_result();
while ($row = $result->fetch_assoc()) {
    // Do something with $row
} If you're connecting to a database other than MySQL, there is a driver-specific second option that you can refer to (for example, pg_prepare() and pg_execute() for PostgreSQL). PDO is the universal option. Correctly setting up the connection PDO Note that when using PDO to access a MySQL database real prepared statements are not used by default . To fix this you have to disable the emulation of prepared statements. An example of creating a connection using PDO is: $dsn = 'mysql:dbname=dbtest;host=127.0.0.1;charset=utf8mb4';
$dbConnection = new PDO($dsn, 'user', 'password');

$dbConnection->setAttribute(PDO::ATTR_EMULATE_PREPARES, false);
$dbConnection->setAttribute(PDO::ATTR_ERRMODE, PDO::ERRMODE_EXCEPTION); In the above example, the error mode isn't strictly necessary, but it is advised to add it . This way PDO will inform you of all MySQL errors by means of throwing the PDOException . What is mandatory , however, is the first setAttribute() line, which tells PDO to disable emulated prepared statements and use real prepared statements. This makes sure the statement and the values aren't parsed by PHP before sending it to the MySQL server (giving a possible attacker no chance to inject malicious SQL). Although you can set the charset in the options of the constructor, it's important to note that 'older' versions of PHP (before 5.3.6) silently ignored the charset parameter in the DSN. Mysqli For mysqli we have to follow the same routine: mysqli_report(MYSQLI_REPORT_ERROR | MYSQLI_REPORT_STRICT); // error reporting
$dbConnection = new mysqli('127.0.0.1', 'username', 'password', 'test');
$dbConnection->set_charset('utf8mb4'); // charset Explanation The SQL statement you pass to prepare is parsed and compiled by the database server. By specifying parameters (either a ? or a named parameter like :name in the example above) you tell the database engine where you want to filter on. Then when you call execute , the prepared statement is combined with the parameter values you specify. The important thing here is that the parameter values are combined with the compiled statement, not an SQL string. SQL injection works by tricking the script into including malicious strings when it creates SQL to send to the database. So by sending the actual SQL separately from the parameters, you limit the risk of ending up with something you didn't intend. Any parameters you send when using a prepared statement will just be treated as strings (although the database engine may do some optimization so parameters may end up as numbers too, of course). In the example above, if the $name variable contains 'Sarah'; DELETE FROM employees the result would simply be a search for the string ""'Sarah'; DELETE FROM employees"" , and you will not end up with an empty table . Another benefit of using prepared statements is that if you execute the same statement many times in the same session it will only be parsed and compiled once, giving you some speed gains. Oh, and since you asked about how to do it for an insert, here's an example (using PDO): $stmt = $db->prepare('INSERT INTO table (column) VALUES (:column)');
$stmt->execute(['column' => $value]); Can prepared statements be used for dynamic queries? While you can still use prepared statements for the query parameters, the structure of the dynamic query itself cannot be parametrized and certain query features cannot be parametrized. For these specific scenarios, the best thing to do is use a whitelist filter that restricts the possible values. // Value whitelist
// $dir can only be 'DESC', otherwise it will be 'ASC'
if (empty($dir) || $dir !== 'DESC') {
   $dir = 'ASC';
}","php,mysql,sql,security,sql-injection",2769,60496,https://stackoverflow.com/questions/60174/how-can-i-prevent-sql-injection-in-php
Finding and deleting duplicate values in a SQL table,"SELECT
    name, email, COUNT(*)
FROM
    users
GROUP BY
    name, email
HAVING 
    COUNT(*) > 1 Simply group on both of the columns. Note: the older ANSI standard is to have all non-aggregated columns in the GROUP BY but this has changed with the idea of ""functional dependency"" : In relational database theory, a functional dependency is a constraint between two sets of attributes in a relation from a database. In other words, functional dependency is a constraint that describes the relationship between attributes in a relation. Support is not consistent: Recent PostgreSQL supports it . SQL Server (as at SQL Server 2017) still requires all non-aggregated columns in the GROUP BY. MySQL is unpredictable and you need sql_mode=only_full_group_by : GROUP BY lname ORDER BY showing wrong results ; Which is the least expensive aggregate function in the absence of ANY() (see comments in accepted answer). Oracle isn't mainstream enough (warning: humour, I don't know about Oracle).","sql,duplicates",2548,2594855,https://stackoverflow.com/questions/2594829/finding-and-deleting-duplicate-values-in-a-sql-table
Concatenate text from multiple rows into a single text string,"If you are on SQL Server 2017 or Azure, see Mathieu Renda answer . I had a similar issue when I was trying to join two tables with one-to-many relationships. In SQL 2005 I found that XML PATH method can handle the concatenation of the rows very easily. If there is a table called STUDENTS SubjectID       StudentName
----------      -------------
1               Mary
1               John
1               Sam
2               Alaina
2               Edward Result I expected was: SubjectID       StudentName
----------      -------------
1               Mary, John, Sam
2               Alaina, Edward I used the following T-SQL : SELECT Main.SubjectID,
       LEFT(Main.Students,Len(Main.Students)-1) As ""Students""
FROM
    (
        SELECT ST2.SubjectID,
            (
                SELECT ST1.StudentName + ',' AS [text()]
                FROM dbo.Students ST1
                WHERE ST1.SubjectID = ST2.SubjectID
                ORDER BY ST1.SubjectID
                FOR XML PATH (''), TYPE
            ).value('text()[1]','nvarchar(max)') [Students]
        FROM dbo.Students ST2
        GROUP BY ST2.SubjectID
    ) [Main] You can do the same thing in a more compact way if you can concat the commas at the beginning and use stuff to skip the first one so you don't need to do a sub-query: SELECT ST2.SubjectID, 
    STUFF(
        (
            SELECT ',' + ST1.StudentName AS [text()]
            FROM dbo.Students ST1
            WHERE ST1.SubjectID = ST2.SubjectID
            ORDER BY ST1.SubjectID
            FOR XML PATH (''), TYPE
        ).value('text()[1]','nvarchar(max)'), 1, 1, '') [Students]
FROM dbo.Students ST2
GROUP BY ST2.SubjectID","sql,sql-server,concatenation,group-concat",2450,545672,https://stackoverflow.com/questions/194852/concatenate-text-from-multiple-rows-into-a-single-text-string
How to return only the Date from a SQL Server DateTime datatype,"NOTE: This answer returns the original DATETIME or DATETIME2 type. For an expression that returns a true DATE type (SQL Server 2008 and later), see BenR's answer below. SELECT DATEADD(dd, 0, DATEDIFF(dd, 0, @your_date)) for example SELECT DATEADD(dd, 0, DATEDIFF(dd, 0, GETDATE())) gives me 2008-09-22 00:00:00.000 Pros: No varchar<->datetime conversions required No need to think about locale","sql,date,t-sql,datetime,sql-server-2008",2226,113055,https://stackoverflow.com/questions/113045/how-to-return-only-the-date-from-a-sql-server-datetime-datatype
Select first row in each GROUP BY group?,"On databases that support CTE and windowing functions : WITH summary AS (
    SELECT p.id, 
           p.customer, 
           p.total, 
           ROW_NUMBER() OVER(PARTITION BY p.customer 
                                 ORDER BY p.total DESC) AS rank
      FROM PURCHASES p)
 SELECT *
   FROM summary
 WHERE rank = 1 Supported by any database: But you need to add logic to break ties: SELECT MIN(x.id),  -- change to MAX if you want the highest
         x.customer, 
         x.total
    FROM PURCHASES x
    JOIN (SELECT p.customer,
                 MAX(total) AS max_total
            FROM PURCHASES p
        GROUP BY p.customer) y ON y.customer = x.customer
                              AND y.max_total = x.total
GROUP BY x.customer, x.total","sql,postgresql,greatest-n-per-group",2072,3800572,https://stackoverflow.com/questions/3800551/select-first-row-in-each-group-by-group
How to query MongoDB with &quot;like&quot;,"That would have to be: db.users.find({""name"": /.*m.*/}) Or, similar: db.users.find({""name"": /m/}) You're looking for something that contains ""m"" somewhere (SQL's ' % ' operator is equivalent to regular expressions' ' .* '), not something that has ""m"" anchored to the beginning of the string. Note: MongoDB uses regular expressions (see the documentation) which are more powerful than ""LIKE"" in SQL. With regular expressions you can create any pattern that you imagine. For more information on regular expressions, refer to Regular expressions (MDN).","sql,mongodb,mongodb-query,sql-like",1992,3305687,https://stackoverflow.com/questions/3305561/how-to-query-mongodb-with-like
Table Naming Dilemma: Singular vs. Plural Names,"Others have given pretty good answers as far as ""standards"" go, but I just wanted to add this... Is it possible that ""User"" (or ""Users"") is not actually a full description of the data held in the table? Not that you should get too crazy with table names and specificity, but perhaps something like ""Widget_Users"" (where ""Widget"" is the name of your application or website) would be more appropriate.","sql,sql-server,naming-conventions",1930,338433,https://stackoverflow.com/questions/338156/table-naming-dilemma-singular-vs-plural-names
Insert into ... values ( SELECT ... FROM ... ),"Try: INSERT INTO table1 ( column1 )
SELECT  col1
FROM    table2 This is standard ANSI SQL and should work on any DBMS It definitely works for: Oracle MS SQL Server MySQL Postgres SQLite v3 Teradata DB2 Sybase Vertica HSQLDB H2 AWS RedShift SAP HANA Google Spanner","sql,database,syntax,database-agnostic,ansi-sql-92",1901,25971,https://stackoverflow.com/questions/25969/insert-into-values-select-from
How do I perform an IF...THEN in an SQL SELECT?,"The CASE expression is the closest to IF in SQL and is supported on all versions of SQL Server. SELECT CAST(
             CASE
                  WHEN Obsolete = 'N' or InStock = 'Y'
                     THEN 1
                  ELSE 0
             END AS bit) as Saleable, *
FROM Product You only need to use the CAST operator if you want the result as a Boolean value. If you are happy with an int , this works: SELECT CASE
            WHEN Obsolete = 'N' or InStock = 'Y'
               THEN 1
               ELSE 0
       END as Saleable, *
FROM Product CASE expressions can be embedded in other CASE expressionsand even included in aggregates. SQL Server Denali (SQL Server 2012) adds the IIF statement which is also available in access (pointed out by Martin Smith ): SELECT IIF(Obsolete = 'N' or InStock = 'Y', 1, 0) as Saleable, * FROM Product","sql,sql-server,t-sql,if-statement,case",1815,63480,https://stackoverflow.com/questions/63447/how-do-i-perform-an-if-then-in-an-sql-select
How can I delete using INNER JOIN with SQL Server?,"You need to specify what table you are deleting from. Here is a version with an alias: DELETE w
FROM WorkRecord2 w
INNER JOIN Employee e
  ON EmployeeRun=EmployeeNo
WHERE Company = '1' AND Date = '2013-05-06'","sql,sql-server,sql-server-2008,inner-join,sql-delete",1804,16481475,https://stackoverflow.com/questions/16481379/how-can-i-delete-using-inner-join-with-sql-server
What is the difference between UNION and UNION ALL?,"UNION removes duplicate rows (where all columns in the results are the same), UNION ALL does not. There is a performance hit when using UNION instead of UNION ALL , since the database server must do additional work to remove the duplicate rows, but usually you do not want the duplicates (especially when developing reports). To identify duplicates, rows must be comparable types as well as compatible types. This will depend on the SQL system. For example the system may truncate all long text columns to make short text columns for comparison (MS Jet), or may refuse to compare binary columns (ORACLE) UNION Example: SELECT 'foo' AS bar
UNION
SELECT 'foo' AS bar Result: +-----+
| bar |
+-----+
| foo |
+-----+
1 row in set (0.00 sec) UNION ALL example: SELECT 'foo' AS bar
UNION ALL
SELECT 'foo' AS bar Result: +-----+
| bar |
+-----+
| foo |
| foo |
+-----+
2 rows in set (0.00 sec)","sql,union,union-all",1734,49928,https://stackoverflow.com/questions/49925/what-is-the-difference-between-union-and-union-all
How can I do an UPDATE statement with JOIN in SQL Server?,"Syntax strictly depends on which SQL DBMS you're using. Here are some ways to do it in ANSI/ISO (aka should work on any SQL DBMS), MySQL, SQL Server, and Oracle. Be advised that my suggested ANSI/ISO method will typically be much slower than the other two methods, but if you're using a SQL DBMS other than MySQL, SQL Server, or Oracle, then it may be the only way to go (e.g. if your SQL DBMS doesn't support MERGE ): ANSI/ISO: update ud 
     set assid = (
          select sale.assid 
          from sale 
          where sale.udid = ud.id
     )
 where exists (
      select * 
      from sale 
      where sale.udid = ud.id
 ); MySQL: update ud u
inner join sale s on
    u.id = s.udid
set u.assid = s.assid SQL Server: update u
set u.assid = s.assid
from ud u
    inner join sale s on
        u.id = s.udid PostgreSQL: update ud
  set assid = s.assid
from sale s 
where ud.id = s.udid; Note that the target table must not be repeated in the FROM clause for Postgres. Main question: How to do an update + join in PostgreSQL? Oracle: update
    (select
        u.assid as new_assid,
        s.assid as old_assid
    from ud u
        inner join sale s on
            u.id = s.udid) up
set up.new_assid = up.old_assid SQLite: update ud 
     set assid = (
          select sale.assid 
          from sale 
          where sale.udid = ud.id
     )
 where RowID in (
      select RowID 
      from ud 
      where sale.udid = ud.id
 ); SQLite 3.33 added support for an UPDATE + FROM syntax analogous to the PostgreSQL one: update ud
  set assid = s.assid
from sale s 
where ud.id = s.udid; Main question: Update with Join in SQLite","sql,sql-server,t-sql,sql-server-2005,sql-update",1703,1293347,https://stackoverflow.com/questions/1293330/how-can-i-do-an-update-statement-with-join-in-sql-server
SQL select only rows with max value on a column,"At first glance... All you need is a GROUP BY clause with the MAX aggregate function: SELECT id, MAX(rev)
FROM YourTable
GROUP BY id It's never that simple, is it? I just noticed you need the content column as well. This is a very common question in SQL: find the whole data for the row with some max value in a column per some group identifier. I heard that a lot during my career. Actually, it was one the questions I answered in my current job's technical interview. It is, actually, so common that Stack Overflow community has created a single tag just to deal with questions like that: greatest-n-per-group . Basically, you have two approaches to solve that problem: Joining with simple group-identifier, max-value-in-group Sub-query In this approach, you first find the group-identifier, max-value-in-group (already solved above) in a sub-query. Then you join your table to the sub-query with equality on both group-identifier and max-value-in-group : SELECT a.id, a.rev, a.contents
FROM YourTable a
INNER JOIN (
    SELECT id, MAX(rev) rev
    FROM YourTable
    GROUP BY id
) b ON a.id = b.id AND a.rev = b.rev Left Joining with self, tweaking join conditions and filters In this approach, you left join the table with itself. Equality goes in the group-identifier . Then, 2 smart moves: The second join condition is having left side value less than right value When you do step 1, the row(s) that actually have the max value will have NULL in the right side (it's a LEFT JOIN , remember?). Then, we filter the joined result, showing only the rows where the right side is NULL . So you end up with: SELECT a.*
FROM YourTable a
LEFT OUTER JOIN YourTable b
    ON a.id = b.id AND a.rev < b.rev
WHERE b.id IS NULL; Conclusion Both approaches bring the exact same result. If you have two rows with max-value-in-group for group-identifier , both rows will be in the result in both approaches. Both approaches are SQL ANSI compatible, thus, will work with your favorite RDBMS, regardless of its ""flavor"". Both approaches are also performance friendly, however your mileage may vary (RDBMS, DB Structure, Indexes, etc.). So when you pick one approach over the other, benchmark . And make sure you pick the one which make most of sense to you.","mysql,sql,aggregate-functions,greatest-n-per-group,groupwise-maximum",1685,7745635,https://stackoverflow.com/questions/7745609/sql-select-only-rows-with-max-value-on-a-column
How to reset AUTO_INCREMENT in MySQL,"You can reset the counter with: ALTER TABLE tablename AUTO_INCREMENT = 1 InnoDB For InnoDB you cannot set the auto_increment value lower or equal to the highest current index. (quote from ViralPatel ): Note that you cannot reset the counter to a value less than or equal
to any that have already been used. For MyISAM, if the value is less
than or equal to the maximum value currently in the AUTO_INCREMENT
column, the value is reset to the current maximum plus one. For
InnoDB, if the value is less than the current maximum value in the
column, no error occurs and the current sequence value is not changed. Aria In a table with the Aria storage engine the auto_increment value can be set to any value, even lower than that of the current maximum. The next insert however will use the next available value (max + 1) ignoring the set value. If set to a higher value it will continue to use and increment from that. The documentation is not particular clear on that but this was observed with Mariadb 10.11.3 See also See How can I reset an MySQL AutoIncrement using a MAX value from another table? on how to dynamically get an acceptable value.","mysql,sql,auto-increment",1673,8923132,https://stackoverflow.com/questions/8923114/how-to-reset-auto-increment-in-mysql
Using group by on multiple columns,"Group By X means put all those with the same value for X in the one group . Group By X, Y means put all those with the same values for both X and Y in the one group . To illustrate using an example, let's say we have the following table, to do with who is attending what subject at a university: Table: Subject_Selection

+---------+----------+----------+
| Subject | Semester | Attendee |
+---------+----------+----------+
| ITB001  |        1 | John     |
| ITB001  |        1 | Bob      |
| ITB001  |        1 | Mickey   |
| ITB001  |        2 | Jenny    |
| ITB001  |        2 | James    |
| MKB114  |        1 | John     |
| MKB114  |        1 | Erica    |
+---------+----------+----------+ When you use a group by on the subject column only; say: select Subject, Count(*)
from Subject_Selection
group by Subject You will get something like: +---------+-------+
| Subject | Count |
+---------+-------+
| ITB001  |     5 |
| MKB114  |     2 |
+---------+-------+ ...because there are 5 entries for ITB001, and 2 for MKB114 If we were to group by two columns: select Subject, Semester, Count(*)
from Subject_Selection
group by Subject, Semester we would get this: +---------+----------+-------+
| Subject | Semester | Count |
+---------+----------+-------+
| ITB001  |        1 |     3 |
| ITB001  |        2 |     2 |
| MKB114  |        1 |     2 |
+---------+----------+-------+ This is because, when we group by two columns, it is saying ""Group them so that all of those with the same Subject and Semester are in the same group, and then calculate all the aggregate functions (Count, Sum, Average, etc.) for each of those groups"" . In this example, this is demonstrated by the fact that, when we count them, there are three people doing ITB001 in semester 1, and two doing it in semester 2. Both of the people doing MKB114 are in semester 1, so there is no row for semester 2 (no data fits into the group ""MKB114, Semester 2"") Hopefully that makes sense.","sql,group-by,multiple-columns",1548,2421441,https://stackoverflow.com/questions/2421388/using-group-by-on-multiple-columns
Can I concatenate multiple MySQL rows into one field?,"You can use GROUP_CONCAT : SELECT person_id,
   GROUP_CONCAT(hobbies SEPARATOR ', ')
FROM peoples_hobbies
GROUP BY person_id; As Ludwig stated in his comment, you can add the DISTINCT operator to avoid duplicates: SELECT person_id,
   GROUP_CONCAT(DISTINCT hobbies SEPARATOR ', ')
FROM peoples_hobbies
GROUP BY person_id; As Jan stated in their comment, you can also sort the values before imploding it using ORDER BY : SELECT person_id, 
       GROUP_CONCAT(hobbies ORDER BY hobbies ASC SEPARATOR ', ')
FROM peoples_hobbies
GROUP BY person_id; As Dag stated in his comment, there is a 1024 byte limit on the result. To solve this, run this query before your query: SET group_concat_max_len = 2048; Of course, you can change 2048 according to your needs. To calculate and assign the value: SET group_concat_max_len = CAST(
                     (SELECT SUM(LENGTH(hobbies)) + COUNT(*) * LENGTH(', ')
                           FROM peoples_hobbies
                           GROUP BY person_id) AS UNSIGNED);","mysql,sql,concatenation,group-concat",1502,276949,https://stackoverflow.com/questions/276927/can-i-concatenate-multiple-mysql-rows-into-one-field
What is the difference between JOIN and INNER JOIN?,"They are functionally equivalent, but INNER JOIN can be a bit clearer to read, especially if the query has other join types (i.e. LEFT or RIGHT or CROSS ) included in it.","sql,sql-server,join,inner-join",1482,565640,https://stackoverflow.com/questions/565620/what-is-the-difference-between-join-and-inner-join
How can I list the tables in a SQLite database file that was opened with ATTACH?,"The .tables , and .schema ""helper"" functions don't look into ATTACHed databases: they just query the SQLITE_MASTER table for the ""main"" database. Consequently, if you used ATTACH some_file.db AS my_db; then you need to do SELECT name FROM my_db.sqlite_master WHERE type='table'; Note that temporary tables don't show up with .tables either: you have to list sqlite_temp_master for that: SELECT name FROM sqlite_temp_master WHERE type='table';","sql,sqlite,database-schema",1457,83195,https://stackoverflow.com/questions/82875/how-can-i-list-the-tables-in-a-sqlite-database-file-that-was-opened-with-attach
How do I escape a single quote in SQL Server?,"Single quotes are escaped by doubling them up , just as you've shown us in your example. The following SQL illustrates this functionality. I tested it on SQL Server 2008: DECLARE @my_table TABLE (
    [value] VARCHAR(200)
)
    
INSERT INTO @my_table VALUES ('hi, my name''s tim.')

SELECT * FROM @my_table Results value
==================
hi, my name's tim.","sql,sql-server,t-sql,delimiter,single-quotes",1439,1586588,https://stackoverflow.com/questions/1586560/how-do-i-escape-a-single-quote-in-sql-server
How do I limit the number of rows returned by an Oracle query after ordering?,"You can use a subquery for this like select *
from  
( select * 
  from emp 
  order by sal desc ) 
where ROWNUM <= 5; Have also a look at the topic On ROWNUM and limiting results at Oracle/AskTom for more information. Update :
To limit the result with both lower and upper bounds things get a bit more bloated with select * from 
( select a.*, ROWNUM rnum from 
  ( <your_query_goes_here, with order by> ) a 
  where ROWNUM <= :MAX_ROW_TO_FETCH )
where rnum  >= :MIN_ROW_TO_FETCH; (Copied from specified AskTom-article) Update 2 :
Starting with Oracle 12c (12.1) there is a syntax available to limit rows or start at offsets. -- only get first 10 results
SELECT * 
FROM   sometable
ORDER BY name
FETCH FIRST 10 ROWS ONLY;

-- get result rows 20-30
SELECT * 
FROM   sometable
ORDER BY name
OFFSET 20 ROWS FETCH NEXT 10 ROWS ONLY; See this answer for more examples. Thanks to Krumia for the hint.","sql,oracle-database,pagination,sql-limit",1398,470571,https://stackoverflow.com/questions/470542/how-do-i-limit-the-number-of-rows-returned-by-an-oracle-query-after-ordering
How to get the identity of an inserted row?,"@@IDENTITY returns the last identity value generated for any table in the current session, across all scopes. You need to be careful here , since it's across scopes.  You could get a value from a trigger, instead of your current statement. SCOPE_IDENTITY() returns the last identity value generated for any table in the current session and the current scope. Generally what you want to use . IDENT_CURRENT('tableName') returns the last identity value generated for a specific table in any session and any scope.  This lets you specify which table you want the value from, in case the two above aren't quite what you need ( very rare ).  Also, as @ Guy Starbuck mentioned, ""You could use this if you want to get the current IDENTITY value for a table that you have not inserted a record into."" The OUTPUT clause of the INSERT statement will let you access every row that was inserted via that statement.  Since it's scoped to the specific statement, it's more straightforward than the other functions above.  However, it's a little more verbose (you'll need to insert into a table variable/temp table and then query that) and it gives results even in an error scenario where the statement is rolled back.  That said, if your query uses a parallel execution plan, this is the only guaranteed method for getting the identity (short of turning off parallelism). However, it is executed before triggers and cannot be used to return trigger-generated values.","sql,sql-server,t-sql",1393,42655,https://stackoverflow.com/questions/42648/how-to-get-the-identity-of-an-inserted-row
Retrieving the last record in each group - MySQL,"MySQL 8.0 now supports windowing functions , like almost all popular SQL implementations. With this standard syntax, we can write greatest-n-per-group queries: WITH ranked_messages AS (
  SELECT m.*, ROW_NUMBER() OVER (PARTITION BY name ORDER BY id DESC) AS rn
  FROM messages AS m
)
SELECT * FROM ranked_messages WHERE rn = 1; This and other approaches to finding groupwise maximal rows are illustrated in the MySQL manual. Below is the original answer I wrote for this question in 2009: I write the solution this way: SELECT m1.*
FROM messages m1 LEFT JOIN messages m2
 ON (m1.name = m2.name AND m1.id < m2.id)
WHERE m2.id IS NULL; Regarding performance, one solution or the other can be better, depending on the nature of your data. So you should test both queries and use the one that is better at performance given your database. For example, I have a copy of the StackOverflow August data dump .  I'll use that for benchmarking.  There are 1,114,357 rows in the Posts table.  This is running on MySQL 5.0.75 on my Macbook Pro 2.40GHz. I'll write a query to find the most recent post for a given user ID (mine). First using the technique shown by @Eric with the GROUP BY in a subquery: SELECT p1.postid
FROM Posts p1
INNER JOIN (SELECT pi.owneruserid, MAX(pi.postid) AS maxpostid
            FROM Posts pi GROUP BY pi.owneruserid) p2
  ON (p1.postid = p2.maxpostid)
WHERE p1.owneruserid = 20860;

1 row in set (1 min 17.89 sec) Even the EXPLAIN analysis takes over 16 seconds: +----+-------------+------------+--------+----------------------------+-------------+---------+--------------+---------+-------------+
| id | select_type | table      | type   | possible_keys              | key         | key_len | ref          | rows    | Extra       |
+----+-------------+------------+--------+----------------------------+-------------+---------+--------------+---------+-------------+
|  1 | PRIMARY     | <derived2> | ALL    | NULL                       | NULL        | NULL    | NULL         |   76756 |             | 
|  1 | PRIMARY     | p1         | eq_ref | PRIMARY,PostId,OwnerUserId | PRIMARY     | 8       | p2.maxpostid |       1 | Using where | 
|  2 | DERIVED     | pi         | index  | NULL                       | OwnerUserId | 8       | NULL         | 1151268 | Using index | 
+----+-------------+------------+--------+----------------------------+-------------+---------+--------------+---------+-------------+
3 rows in set (16.09 sec) Now produce the same query result using my technique with LEFT JOIN : SELECT p1.postid
FROM Posts p1 LEFT JOIN posts p2
  ON (p1.owneruserid = p2.owneruserid AND p1.postid < p2.postid)
WHERE p2.postid IS NULL AND p1.owneruserid = 20860;

1 row in set (0.28 sec) The EXPLAIN analysis shows that both tables are able to use their indexes: +----+-------------+-------+------+----------------------------+-------------+---------+-------+------+--------------------------------------+
| id | select_type | table | type | possible_keys              | key         | key_len | ref   | rows | Extra                                |
+----+-------------+-------+------+----------------------------+-------------+---------+-------+------+--------------------------------------+
|  1 | SIMPLE      | p1    | ref  | OwnerUserId                | OwnerUserId | 8       | const | 1384 | Using index                          | 
|  1 | SIMPLE      | p2    | ref  | PRIMARY,PostId,OwnerUserId | OwnerUserId | 8       | const | 1384 | Using where; Using index; Not exists | 
+----+-------------+-------+------+----------------------------+-------------+---------+-------+------+--------------------------------------+
2 rows in set (0.00 sec) Here's the DDL for my Posts table: CREATE TABLE `posts` (
  `PostId` bigint(20) unsigned NOT NULL auto_increment,
  `PostTypeId` bigint(20) unsigned NOT NULL,
  `AcceptedAnswerId` bigint(20) unsigned default NULL,
  `ParentId` bigint(20) unsigned default NULL,
  `CreationDate` datetime NOT NULL,
  `Score` int(11) NOT NULL default '0',
  `ViewCount` int(11) NOT NULL default '0',
  `Body` text NOT NULL,
  `OwnerUserId` bigint(20) unsigned NOT NULL,
  `OwnerDisplayName` varchar(40) default NULL,
  `LastEditorUserId` bigint(20) unsigned default NULL,
  `LastEditDate` datetime default NULL,
  `LastActivityDate` datetime default NULL,
  `Title` varchar(250) NOT NULL default '',
  `Tags` varchar(150) NOT NULL default '',
  `AnswerCount` int(11) NOT NULL default '0',
  `CommentCount` int(11) NOT NULL default '0',
  `FavoriteCount` int(11) NOT NULL default '0',
  `ClosedDate` datetime default NULL,
  PRIMARY KEY  (`PostId`),
  UNIQUE KEY `PostId` (`PostId`),
  KEY `PostTypeId` (`PostTypeId`),
  KEY `AcceptedAnswerId` (`AcceptedAnswerId`),
  KEY `OwnerUserId` (`OwnerUserId`),
  KEY `LastEditorUserId` (`LastEditorUserId`),
  KEY `ParentId` (`ParentId`),
  CONSTRAINT `posts_ibfk_1` FOREIGN KEY (`PostTypeId`) REFERENCES `posttypes` (`PostTypeId`)
) ENGINE=InnoDB; Note to commenters: If you want another benchmark with a different version of MySQL, a different dataset, or different table design, feel free to do it yourself. I have shown the technique above. Stack Overflow is here to show you how to do software development work, not to do all the work for you.","mysql,sql,group-by,greatest-n-per-group,groupwise-maximum",1365,1313293,https://stackoverflow.com/questions/1313120/retrieving-the-last-record-in-each-group-mysql
Get list of all tables in Oracle?,"SELECT owner, table_name
  FROM dba_tables This is assuming that you have access to the DBA_TABLES data dictionary view.  If you do not have those privileges but need them, you can request that the DBA explicitly grants you privileges on that table, or, that the DBA grants you the SELECT ANY DICTIONARY privilege or the SELECT_CATALOG_ROLE role (either of which would allow you to query any data dictionary table).  Of course, you may want to exclude certain schemas like SYS and SYSTEM which have large numbers of Oracle tables that you probably don't care about. Alternatively, if you do not have access to DBA_TABLES , you can see all the tables that your account has access to through the ALL_TABLES view: SELECT owner, table_name
  FROM all_tables Although, that may be a subset of the tables available in the database ( ALL_TABLES shows you the information for all the tables that your user has been granted access to). If you are only concerned with the tables that you own, not those that you have access to, you could use USER_TABLES : SELECT table_name
  FROM user_tables Since USER_TABLES only has information about the tables that you own, it does not have an OWNER column – the owner, by definition, is you. Oracle also has a number of legacy data dictionary views-- TAB , DICT , TABS , and CAT for example-- that could be used.  In general, I would not suggest using these legacy views unless you absolutely need to backport your scripts to Oracle 6.  Oracle has not changed these views in a long time so they often have problems with newer types of objects.  For example, the TAB and CAT views both show information about tables that are in the user's recycle bin while the [DBA|ALL|USER]_TABLES views all filter those out. CAT also shows information about materialized view logs with a TABLE_TYPE of ""TABLE"" which is unlikely to be what you really want. DICT combines tables and synonyms and doesn't tell you who owns the object.","sql,oracle-database",1235,205746,https://stackoverflow.com/questions/205736/get-list-of-all-tables-in-oracle
Insert into a MySQL table or update if exists,"Use INSERT ... ON DUPLICATE KEY UPDATE QUERY: INSERT INTO table (id, name, age) VALUES(1, ""A"", 19) ON DUPLICATE KEY UPDATE    
name=""A"", age=19","mysql,sql,insert-update,upsert",1187,4205207,https://stackoverflow.com/questions/4205181/insert-into-a-mysql-table-or-update-if-exists
Search text in stored procedure in SQL Server,"Escape the square brackets: ...
WHERE m.definition Like '%\[ABD\]%' ESCAPE '\' Then the square brackets will be treated as a string literals not as wild cards.","sql,sql-server,stored-procedures",1166,14704157,https://stackoverflow.com/questions/14704105/search-text-in-stored-procedure-in-sql-server
When should I use CROSS APPLY over INNER JOIN?,"Can anyone give me a good example of when CROSS APPLY makes a difference in those cases where INNER JOIN will work as well? See the article in my blog for detailed performance comparison: INNER JOIN vs. CROSS APPLY CROSS APPLY works better on things that have no simple JOIN condition. This one selects 3 last records from t2 for each record from t1 : SELECT  t1.*, t2o.*
FROM    t1
CROSS APPLY
        (
        SELECT  TOP 3 *
        FROM    t2
        WHERE   t2.t1_id = t1.id
        ORDER BY
                t2.rank DESC
        ) t2o It cannot be easily formulated with an INNER JOIN condition. You could probably do something like that using CTE 's and window function: WITH    t2o AS
        (
        SELECT  t2.*, ROW_NUMBER() OVER (PARTITION BY t1_id ORDER BY rank) AS rn
        FROM    t2
        )
SELECT  t1.*, t2o.*
FROM    t1
INNER JOIN
        t2o
ON      t2o.t1_id = t1.id
        AND t2o.rn <= 3 , but this is less readable and probably less efficient. Update: Just checked. master is a table of about 20,000,000 records with a PRIMARY KEY on id . This query: WITH    q AS
        (
        SELECT  *, ROW_NUMBER() OVER (ORDER BY id) AS rn
        FROM    master
        ),
        t AS 
        (
        SELECT  1 AS id
        UNION ALL
        SELECT  2
        )
SELECT  *
FROM    t
JOIN    q
ON      q.rn <= t.id runs for almost 30 seconds, while this one: WITH    t AS 
        (
        SELECT  1 AS id
        UNION ALL
        SELECT  2
        )
SELECT  *
FROM    t
CROSS APPLY
        (
        SELECT  TOP (t.id) m.*
        FROM    master m
        ORDER BY
                id
        ) q is instant.","sql,sql-server,performance,t-sql,cross-apply",1165,1139231,https://stackoverflow.com/questions/1139160/when-should-i-use-cross-apply-over-inner-join
Save PL/pgSQL output from PostgreSQL to a CSV file,"Do you want the resulting file on the server, or on the client? Server side If you want something easy to re-use or automate, you can use Postgresql's built in COPY command. e.g. Copy (Select * From foo) To '/tmp/test.csv' With CSV DELIMITER ',' HEADER; This approach runs entirely on the remote server - it can't write to your local PC. It also needs to be run as a Postgres ""superuser"" (normally called ""root"") because Postgres can't stop it doing nasty things with that machine's local filesystem. That doesn't actually mean you have to be connected as a superuser (automating that would be a security risk of a different kind), because you can use the SECURITY DEFINER option to CREATE FUNCTION to make a function which runs as though you were a superuser . The crucial part is that your function is there to perform additional checks, not just by-pass the security - so you could write a function which exports the exact data you need, or you could write something which can accept various options as long as they meet a strict whitelist. You need to check two things: Which files should the user be allowed to read/write on disk? This might be a particular directory, for instance, and the filename might have to have a suitable prefix or extension. Which tables should the user be able to read/write in the database? This would normally be defined by GRANT s in the database, but the function is now running as a superuser, so tables which would normally be ""out of bounds"" will be fully accessible. You probably don’t want to let someone invoke your function and add rows on the end of your “users” table… I've written a blog post expanding on this approach , including some examples of functions that export (or import) files and tables meeting strict conditions. Client side The other approach is to do the file handling on the client side , i.e. in your application or script. The Postgres server doesn't need to know what file you're copying to, it just spits out the data and the client puts it somewhere. The underlying syntax for this is the COPY TO STDOUT command, and graphical tools like pgAdmin will wrap it for you in a nice dialog. The psql command-line client has a special ""meta-command"" called \copy , which takes all the same options as the ""real"" COPY , but is run inside the client: \copy (Select * From foo) To '/tmp/test.csv' With CSV DELIMITER ',' HEADER Note that there is no terminating ; , because meta-commands are terminated by newline, unlike SQL commands. From the docs : Do not confuse COPY with the psql instruction \copy. \copy invokes COPY FROM STDIN or COPY TO STDOUT, and then fetches/stores the data in a file accessible to the psql client. Thus, file accessibility and access rights depend on the client rather than the server when \copy is used. Your application programming language may also have support for pushing or fetching the data, but you cannot generally use COPY FROM STDIN / TO STDOUT within a standard SQL statement, because there is no way of connecting the input/output stream. PHP's PostgreSQL handler ( not PDO) includes very basic pg_copy_from and pg_copy_to functions which copy to/from a PHP array, which may not be efficient for large data sets.","sql,postgresql,csv,postgresql-copy",1162,1517692,https://stackoverflow.com/questions/1517635/save-pl-pgsql-output-from-postgresql-to-a-csv-file
Join vs. sub-query,"Taken from the MySQL manual ( 13.2.10.11 Rewriting Subqueries as Joins ): A LEFT [OUTER] JOIN can be faster than an equivalent subquery because the server might be able to optimize it better—a fact that is not specific to MySQL Server alone. So subqueries can be slower than LEFT [OUTER] JOIN , but in my opinion their strength is slightly higher readability.","sql,mysql,subquery,join",1149,39588846,https://stackoverflow.com/questions/2577174/join-vs-sub-query
Parameterize an SQL IN clause,"Here's a quick-and-dirty technique I have used: SELECT * FROM Tags
WHERE '|ruby|rails|scruffy|rubyonrails|'
LIKE '%|' + Name + '|%' So here's the C# code: string[] tags = new string[] { ""ruby"", ""rails"", ""scruffy"", ""rubyonrails"" };
const string cmdText = ""select * from tags where '|' + @tags + '|' like '%|' + Name + '|%'"";

using (SqlCommand cmd = new SqlCommand(cmdText)) {
   cmd.Parameters.AddWithValue(""@tags"", string.Join(""|"", tags);
} Two caveats: The performance is terrible. LIKE ""%...%"" queries are not indexed. Make sure you don't have any | , blank, or null tags or this won't work There are other ways to accomplish this that some people may consider cleaner, so please keep reading.","sql,sql-server-2008,parameters",1149,337817,https://stackoverflow.com/questions/337704/parameterize-an-sql-in-clause
INNER JOIN ON vs WHERE clause,"INNER JOIN is ANSI syntax that you should use. It is generally considered more readable, especially when you join lots of tables. It can also be easily replaced with an OUTER JOIN whenever a need arises. The WHERE syntax is more relational model oriented. A result of two tables JOIN ed is a cartesian product of the tables to which a filter is applied which selects only those rows with joining columns matching. It's easier to see this with the WHERE syntax. As for your example, in MySQL (and in SQL generally) these two queries are synonyms. Also, note that MySQL also has a STRAIGHT_JOIN clause. Using this clause, you can control the JOIN order: which table is scanned in the outer loop and which one is in the inner loop. You cannot control this in MySQL using WHERE syntax.","sql,mysql,join,inner-join",1140,1018825,https://stackoverflow.com/questions/1018822/inner-join-on-vs-where-clause
How can I do &#39;insert if not exists&#39; in MySQL?,"Use INSERT IGNORE INTO table . There's also INSERT … ON DUPLICATE KEY UPDATE syntax, and you can find explanations in 13.2.6.2 INSERT ... ON DUPLICATE KEY UPDATE Statement . Post from bogdan.org.ua according to Google's webcache : 18th October 2007 To start: as of the latest MySQL, syntax presented in the title is not
possible. But there are several very easy ways to accomplish what is
expected using existing functionality. There are 3 possible solutions: using INSERT IGNORE, REPLACE, or
INSERT … ON DUPLICATE KEY UPDATE. Imagine we have a table: CREATE TABLE `transcripts` (
`ensembl_transcript_id` varchar(20) NOT NULL,
`transcript_chrom_start` int(10) unsigned NOT NULL,
`transcript_chrom_end` int(10) unsigned NOT NULL,
PRIMARY KEY (`ensembl_transcript_id`)
) ENGINE=InnoDB DEFAULT CHARSET=latin1; Now imagine that we have an automatic pipeline importing transcripts
meta-data from Ensembl, and that due to various reasons the pipeline
might be broken at any step of execution. Thus, we need to ensure two
things: repeated executions of the pipeline will not destroy our
> database repeated executions will not die due to ‘duplicate
> primary key’ errors. Method 1: using REPLACE It’s very simple: REPLACE INTO `transcripts`
SET `ensembl_transcript_id` = 'ENSORGT00000000001',
`transcript_chrom_start` = 12345,
`transcript_chrom_end` = 12678; If the record exists, it will be overwritten; if it does not yet
exist, it will be created. However, using this method isn’t efficient
for our case: we do not need to overwrite existing records, it’s fine
just to skip them. Method 2: using INSERT IGNORE Also very simple: INSERT IGNORE INTO `transcripts`
SET `ensembl_transcript_id` = 'ENSORGT00000000001',
`transcript_chrom_start` = 12345,
`transcript_chrom_end` = 12678; Here, if the ‘ensembl_transcript_id’ is already present in the
database, it will be silently skipped (ignored). (To be more precise,
here’s a quote from MySQL reference manual: “If you use the IGNORE
keyword, errors that occur while executing the INSERT statement are
treated as warnings instead. For example, without IGNORE, a row that
duplicates an existing UNIQUE index or PRIMARY KEY value in the table
causes a duplicate-key error and the statement is aborted.”.) If the
record doesn’t yet exist, it will be created. This second method has several potential weaknesses, including
non-abortion of the query in case any other problem occurs (see the
manual). Thus it should be used if previously tested without the
IGNORE keyword. Method 3: using INSERT … ON DUPLICATE KEY UPDATE: Third option is to use INSERT … ON DUPLICATE KEY UPDATE syntax, and in the UPDATE part just do nothing do some meaningless
(empty) operation, like calculating 0+0 (Geoffray suggests doing the
id=id assignment for the MySQL optimization engine to ignore this
operation). Advantage of this method is that it only ignores duplicate
key events, and still aborts on other errors. As a final notice: this post was inspired by Xaprb. I’d also advise to
consult his other post on writing flexible SQL queries.","sql,mysql,sql-insert,primary-key,unique-constraint",1104,1361368,https://stackoverflow.com/questions/1361340/how-can-i-do-insert-if-not-exists-in-mysql
How can I get column names from a table in SQL Server?,"You can obtain this information and much, much more by querying the Information Schema views . This sample query: SELECT *
FROM INFORMATION_SCHEMA.COLUMNS
WHERE TABLE_NAME = N'Customers' Can be made over all these DB objects: CHECK_CONSTRAINTS COLUMN_DOMAIN_USAGE COLUMN_PRIVILEGES COLUMNS CONSTRAINT_COLUMN_USAGE CONSTRAINT_TABLE_USAGE DOMAIN_CONSTRAINTS DOMAINS KEY_COLUMN_USAGE PARAMETERS REFERENTIAL_CONSTRAINTS ROUTINES ROUTINE_COLUMNS SCHEMATA TABLE_CONSTRAINTS TABLE_PRIVILEGES TABLES VIEW_COLUMN_USAGE VIEW_TABLE_USAGE VIEWS","sql,sql-server,sql-server-2008,t-sql",1077,1054988,https://stackoverflow.com/questions/1054984/how-can-i-get-column-names-from-a-table-in-sql-server
Reset identity seed after deleting records in SQL Server,"The DBCC CHECKIDENT management command is used to reset identity counter. The command syntax is: DBCC CHECKIDENT (table_name [, { NORESEED | { RESEED [, new_reseed_value ]}}])
[ WITH NO_INFOMSGS ] Example: DBCC CHECKIDENT ('[TestTable]', RESEED, 0);
GO It was not supported in previous versions of the Azure SQL Database but is supported now. Thanks to Solomon Rutzky the docs for the command are now fixed.","sql,sql-server,database,sql-server-2008,azure-sql-database",1069,21824729,https://stackoverflow.com/questions/21824478/reset-identity-seed-after-deleting-records-in-sql-server
SQL SELECT WHERE field contains words,"Rather slow, but working method to include any of words: SELECT * FROM mytable
WHERE column1 LIKE '%word1%'
   OR column1 LIKE '%word2%'
   OR column1 LIKE '%word3%' If you need all words to be present, use this: SELECT * FROM mytable
WHERE column1 LIKE '%word1%'
  AND column1 LIKE '%word2%'
  AND column1 LIKE '%word3%' If you want something faster, you need to look into full text search, and this is very specific for each database type.","sql,select,contains",1061,14290878,https://stackoverflow.com/questions/14290857/sql-select-where-field-contains-words
Function vs. Stored Procedure in SQL Server,"Functions are computed values and cannot perform permanent environmental changes to SQL Server (i.e., no INSERT or UPDATE statements allowed). A function can be used inline in SQL statements if it returns a scalar value or can be joined upon if it returns a result set. A point worth noting from comments, which summarize the answer. Thanks to @Sean K Anderson: Functions follow the computer-science definition in that they MUST return a value and cannot alter the data they receive as parameters
(the arguments). Functions are not allowed to change anything, must
have at least one parameter, and they must return a value. Stored
procs do not have to have a parameter, can change database objects,
and do not have to return a value.","sql,sql-server,t-sql,stored-procedures,sql-function",1029,1179778,https://stackoverflow.com/questions/1179758/function-vs-stored-procedure-in-sql-server
How can I list all foreign keys referencing a given table in SQL Server?,"Not sure why no one suggested but I use sp_fkeys to query foreign keys for a given table: EXEC sp_fkeys 'TableName' You can also specify the schema: EXEC sp_fkeys @pktable_name = 'TableName', @pktable_owner = 'dbo' Without specifying the schema, the docs state the following: If pktable_owner is not specified, the default table visibility rules
  of the underlying DBMS apply. In SQL Server, if the current user owns a table with the specified
  name, that table's columns are returned. If pktable_owner is not
  specified and the current user does not own a table with the specified
  pktable_name, the procedure looks for a table with the specified
  pktable_name owned by the database owner. If one exists, that table's
  columns are returned.","sql,sql-server,t-sql",1018,12956348,https://stackoverflow.com/questions/483193/how-can-i-list-all-foreign-keys-referencing-a-given-table-in-sql-server
SQL JOIN: what is the difference between WHERE clause and ON clause?,"They are not the same thing. Consider these queries: SELECT *
FROM Orders
LEFT JOIN OrderLines ON OrderLines.OrderID=Orders.ID
WHERE Orders.ID = 12345 and SELECT *
FROM Orders
LEFT JOIN OrderLines ON OrderLines.OrderID=Orders.ID 
    AND Orders.ID = 12345 The first will return a single order and its lines, if any, for order number 12345 . The second will return all orders , but only order 12345 will have any lines associated with it. With an INNER JOIN , the clauses are effectively equivalent. However, just because they are functionally the same, in that they produce the same results, does not mean the two kinds of clauses have the same semantic meaning.","sql,join,where-clause,on-clause",996,354094,https://stackoverflow.com/questions/354070/sql-join-what-is-the-difference-between-where-clause-and-on-clause
SQL multiple column ordering,"ORDER BY column1 DESC, column2 This sorts everything by column1 (descending) first, and then by column2 (ascending, which is the default) whenever the column1 fields for two or more rows are equal.","sql,sorting,sql-order-by,multiple-columns",966,2051176,https://stackoverflow.com/questions/2051162/sql-multiple-column-ordering
How to Join to first row,"SELECT  Orders.OrderNumber, LineItems2.Quantity, LineItems2.Description
FROM    Orders
CROSS APPLY
        (
        SELECT  TOP 1 LineItems.Quantity, LineItems.Description
        FROM    LineItems
        WHERE   LineItems.OrderID = Orders.OrderID
        ) LineItems2 For SQL Server versions prior to 2005, you need to use an INNER JOIN instead of a CROSS APPLY : SELECT   Orders.OrderNumber, LineItems.Quantity, LineItems.Description
FROM     Orders
JOIN     LineItems
ON       LineItems.LineItemGUID =
         (
         SELECT  TOP 1 LineItemGUID 
         FROM    LineItems
         WHERE   OrderID = Orders.OrderID
         ) Please note that TOP 1 without ORDER BY is not deterministic: this query you will get you one line item per order, but it is not defined which one will it be. Multiple invocations of the query can give you different line items for the same order, even if the underlying did not change. If you want deterministic order, you should add an ORDER BY clause to the innermost query. Example sqlfiddle","sql,sql-server,t-sql,sql-server-2000",964,2043290,https://stackoverflow.com/questions/2043259/how-to-join-to-first-row
"How can I SELECT rows with MAX(Column value), PARTITION by another column in MYSQL?","You are so close!  All you need to do is select BOTH the home and its max date time, then join back to the topten table on BOTH fields: SELECT tt.*
FROM topten tt
INNER JOIN
    (SELECT home, MAX(datetime) AS MaxDateTime
    FROM topten
    GROUP BY home) groupedtt 
ON tt.home = groupedtt.home 
AND tt.datetime = groupedtt.MaxDateTime","mysql,sql,max,distinct,greatest-n-per-group",920,612268,https://stackoverflow.com/questions/612231/how-can-i-select-rows-with-maxcolumn-value-partition-by-another-column-in-mys
Should I use != or &lt;&gt; for not equal in T-SQL?,Technically they function the same if you’re using SQL Server AKA T-SQL.  If you're using it in stored procedures there is no performance reason to use one over the other. It then comes down to personal preference. I prefer to use <> as it is ANSI compliant. You can find links to the various ANSI standards at... http://en.wikipedia.org/wiki/SQL,"sql,sql-server,t-sql",919,723317,https://stackoverflow.com/questions/723195/should-i-use-or-for-not-equal-in-t-sql
How can I do a FULL OUTER JOIN in MySQL?,"You don't have full joins in MySQL, but you can sure emulate them . For a code sample transcribed from this Stack Overflow question you have: With two tables t1, t2: SELECT * FROM t1
LEFT JOIN t2 ON t1.id = t2.id
UNION
SELECT * FROM t1
RIGHT JOIN t2 ON t1.id = t2.id The query above works for special cases where a full outer join operation would not produce any duplicate rows. The query above depends on the UNION set operator to remove duplicate rows introduced by the query pattern.  We can avoid introducing duplicate rows by using an anti-join pattern for the second query, and then use a UNION ALL set operator to combine the two sets. In the more general case, where a full outer join would return duplicate rows, we can do this: SELECT * FROM t1
LEFT JOIN t2 ON t1.id = t2.id
UNION ALL
SELECT * FROM t1
RIGHT JOIN t2 ON t1.id = t2.id
WHERE t1.id IS NULL","sql,mysql,join,outer-join,full-outer-join",913,4796911,https://stackoverflow.com/questions/4796872/how-can-i-do-a-full-outer-join-in-mysql
DateTime2 vs DateTime in SQL Server,"The MSDN documentation for datetime recommends using datetime2 . Here is their recommendation: Use the time , date , datetime2 and datetimeoffset data types for new
  work. These types align with the SQL
  Standard. They are more portable. time , datetime2 and datetimeoffset provide more seconds precision. datetimeoffset provides time zone
  support for globally deployed
  applications. datetime2 has larger date range, a larger default fractional precision, and optional user-specified precision. Also depending on the user-specified precision it may use less storage.","sql,sql-server,t-sql,datetime,datetime2",910,1884088,https://stackoverflow.com/questions/1334143/datetime2-vs-datetime-in-sql-server
Count(*) vs Count(1) - SQL Server,"There is no difference. Reason: Books on-line says "" COUNT ( { [ [ ALL | DISTINCT ] expression ] | * } ) "" ""1"" is a non-null expression: so it's the same as COUNT(*) .
The optimizer recognizes it for what it is: trivial. The same as EXISTS (SELECT * ... or EXISTS (SELECT 1 ... Example: SELECT COUNT(1) FROM dbo.tab800krows
SELECT COUNT(1),FKID FROM dbo.tab800krows GROUP BY FKID

SELECT COUNT(*) FROM dbo.tab800krows
SELECT COUNT(*),FKID FROM dbo.tab800krows GROUP BY FKID Same IO, same plan, the works Edit, Aug 2011 Similar question on DBA.SE . Edit, Dec 2011 COUNT(*) is mentioned specifically in ANSI-92 (look for "" Scalar expressions 125 "") Case: a) If COUNT(*) is specified, then the result is the cardinality of T. That is, the ANSI standard recognizes it as bleeding obvious what you mean. COUNT(1) has been optimized out by RDBMS vendors because of this superstition. Otherwise it would be evaluated as per ANSI b) Otherwise, let TX be the single-column table that is the
                result of applying the <value expression> to each row of T
                and eliminating null values. If one or more null values are
                eliminated, then a completion condition is raised: warning-","sql,sql-server,performance",905,1221649,https://stackoverflow.com/questions/1221559/count-vs-count1-sql-server
How do I get the query builder to output its raw SQL query as a string?,"To output to the screen the last queries ran you can use this: \DB::enableQueryLog(); // Enable query log

// Your Eloquent query executed by using get()

dd(\DB::getQueryLog()); // Show results of log I believe the most recent queries will be at the bottom of the array. You will have something like that: array(1) {
  [0]=>
  array(3) {
    [""query""]=>
    string(21) ""select * from ""users""""
    [""bindings""]=>
    array(0) {
    }
    [""time""]=>
    string(4) ""0.92""
  }
} (Thanks to Joshua's comment below.)","php,sql,laravel,eloquent,laravel-query-builder",879,18236656,https://stackoverflow.com/questions/18236294/how-do-i-get-the-query-builder-to-output-its-raw-sql-query-as-a-string
How can I temporarily disable a foreign key constraint in MySQL?,Try DISABLE KEYS or SET FOREIGN_KEY_CHECKS=0; Make sure to SET FOREIGN_KEY_CHECKS=1; after.,"python,sql,mysql,django,django-models",865,15501754,https://stackoverflow.com/questions/15501673/how-can-i-temporarily-disable-a-foreign-key-constraint-in-mysql
SQL update query using joins,"UPDATE im
SET mf_item_number = gm.SKU --etc
FROM item_master im
JOIN group_master gm
    ON im.sku = gm.sku 
JOIN Manufacturer_Master mm
    ON gm.ManufacturerID = mm.ManufacturerID
WHERE im.mf_item_number like 'STA%' AND
      gm.manufacturerID = 34 To make it clear... The UPDATE clause can refer to an table alias specified in the FROM clause. So im in this case is valid Generic example UPDATE A
SET foo = B.bar
FROM TableA A
JOIN TableB B
    ON A.col1 = B.colx
WHERE ...","sql,sql-server,t-sql,sql-server-2005,sql-update",844,982947,https://stackoverflow.com/questions/982919/sql-update-query-using-joins
Rename column SQL Server 2008,"Use sp_rename EXEC sp_RENAME 'TableName.OldColumnName' , 'NewColumnName', 'COLUMN' See: SQL SERVER – How to Rename a Column Name or Table Name Documentation: sp_rename (Transact-SQL) For your case it would be: EXEC sp_RENAME 'table_name.old_name', 'new_name', 'COLUMN' Remember to use single quotes to enclose your values.","sql,sql-server,sql-server-2008,alter-table",822,16296669,https://stackoverflow.com/questions/16296622/rename-column-sql-server-2008
Fastest Way of Inserting in Entity Framework,"To your remark in the comments to your question: ""...SavingChanges ( for each
  record )..."" That's the worst thing you can do! Calling SaveChanges() for each record slows bulk inserts extremely down. I would do a few simple tests which will very likely improve the performance: Call SaveChanges() once after ALL records. Call SaveChanges() after for example 100 records. Call SaveChanges() after for example 100 records and dispose the context and create a new one. Disable change detection For bulk inserts I am working and experimenting with a pattern like this: using (TransactionScope scope = new TransactionScope())
{
    MyDbContext context = null;
    try
    {
        context = new MyDbContext();
        context.Configuration.AutoDetectChangesEnabled = false;

        int count = 0;            
        foreach (var entityToInsert in someCollectionOfEntitiesToInsert)
        {
            ++count;
            context = AddToContext(context, entityToInsert, count, 100, true);
        }

        context.SaveChanges();
    }
    finally
    {
        if (context != null)
            context.Dispose();
    }

    scope.Complete();
}

private MyDbContext AddToContext(MyDbContext context,
    Entity entity, int count, int commitCount, bool recreateContext)
{
    context.Set<Entity>().Add(entity);

    if (count % commitCount == 0)
    {
        context.SaveChanges();
        if (recreateContext)
        {
            context.Dispose();
            context = new MyDbContext();
            context.Configuration.AutoDetectChangesEnabled = false;
        }
    }

    return context;
} I have a test program which inserts 560.000 entities (9 scalar properties, no navigation properties) into the DB. With this code it works in less than 3 minutes. For the performance it is important to call SaveChanges() after ""many"" records (""many"" around 100 or 1000). It also improves the performance to dispose the context after SaveChanges and create a new one. This clears the context from all entites, SaveChanges doesn't do that, the entities are still attached to the context in state Unchanged . It is the growing size of attached entities in the context what slows down the insertion step by step. So, it is helpful to clear it after some time. Here are a few measurements for my 560000 entities: commitCount = 1,       recreateContext = false: many hours (That's your current procedure) commitCount = 100,     recreateContext = false: more than 20 minutes commitCount = 1000,    recreateContext = false: 242 sec commitCount = 10000,   recreateContext = false: 202 sec commitCount = 100000,  recreateContext = false: 199 sec commitCount = 1000000, recreateContext = false: out of memory exception commitCount = 1,       recreateContext = true: more than 10 minutes commitCount = 10,      recreateContext = true: 241 sec commitCount = 100,     recreateContext = true: 164 sec commitCount = 1000,    recreateContext = true: 191 sec The behaviour in the first test above is that the performance is very non-linear and decreases extremely over time. (""Many hours"" is an estimation, I never finished this test, I stopped at 50.000 entities after 20 minutes.) This non-linear behaviour is not so significant in all other tests.","c#,sql,entity-framework",817,5942176,https://stackoverflow.com/questions/5940225/fastest-way-of-inserting-in-entity-framework
MySQL Query GROUP BY day / month / year,"GROUP BY YEAR(record_date), MONTH(record_date) Check out the date and time functions in MySQL.","mysql,sql,date,datetime,group-by",814,508806,https://stackoverflow.com/questions/508791/mysql-query-group-by-day-month-year
Insert text with single quotes in PostgreSQL,"String literals Escaping single quotes ' by doubling them up → '' is the standard way and works of course: 'user's log' -- incorrect syntax (unbalanced quote)
'user''s log' Plain single quotes (ASCII / UTF-8 code 39), mind you, not backticks ` , which have no special purpose in Postgres (unlike certain other RDBMS) and not double-quotes "" , used for identifiers. In old versions or if you still run with standard_conforming_strings = off or, generally, if you prepend your string with E to declare Posix escape string syntax , you can also escape with the backslash \ : E'user\'s log' Backslash itself is escaped with another backslash. But that's generally not preferable. If you have to deal with many single quotes or multiple layers of escaping, you can avoid quoting hell in PostgreSQL with dollar-quoted strings : 'escape '' with '''''
$$escape ' with ''$$ To further avoid confusion among dollar-quotes, add a unique token to each pair: $token$escape ' with ''$token$ Which can be nested any number of levels: $token2$Inner string: $token1$escape ' with ''$token1$ is nested$token2$ Pay attention if the $ character should have special meaning in your client software. You may have to escape it in addition. This is not the case with standard PostgreSQL clients like psql or pgAdmin. That is all very useful for writing PL/pgSQL functions or ad-hoc SQL commands. It cannot alleviate the need to use prepared statements or some other method to safeguard against SQL injection in your application when user input is possible, though. @Craig's answer has more on that. More details: SQL injection in Postgres functions vs prepared queries Values inside Postgres When dealing with values inside the database, there are a couple of useful functions to quote strings properly: quote_literal() or quote_nullable() - the latter outputs the unquoted string NULL for null input. There is also quote_ident() to double-quote strings where needed to get valid SQL identifiers . format() with the format specifier %L is equivalent to quote_nullable() . Like: format('%L', string_var) concat() or concat_ws() are typically no good for this purpose as those do not escape nested single quotes and backslashes.","sql,postgresql,quotes,string-literals",812,12320729,https://stackoverflow.com/questions/12316953/insert-text-with-single-quotes-in-postgresql
"When to use single quotes, double quotes, and backticks in MySQL","Backticks are to be used for table and column identifiers, but are only necessary when the identifier is a MySQL reserved keyword , or when the identifier contains whitespace characters or characters beyond a limited set (see below) It is often recommended to avoid using reserved keywords as column or table identifiers when possible, avoiding the quoting issue. Single quotes should be used for string values like in the VALUES() list.  Double quotes are supported by MySQL for string values as well, but single quotes are more widely accepted by other RDBMS, so it is a good habit to use single quotes instead of double. MySQL also expects DATE and DATETIME literal values to be single-quoted as strings like '2001-01-01 00:00:00' . Consult the Date and Time Literals documentation for more details, in particular alternatives to using the hyphen - as a segment delimiter in date strings. So using your example, I would double-quote the PHP string and use single quotes on the values 'val1', 'val2' . NULL is a MySQL keyword, and a special (non)-value, and is therefore unquoted. None of these table or column identifiers are reserved words or make use of characters requiring quoting, but I've quoted them anyway with backticks (more on this later...). Functions native to the RDBMS (for example, NOW() in MySQL) should not be quoted, although their arguments are subject to the same string or identifier quoting rules already mentioned. Backtick (`)
table & column ───────┬─────┬──┬──┬──┬────┬──┬────┬──┬────┬──┬───────┐
                      ↓     ↓  ↓  ↓  ↓    ↓  ↓    ↓  ↓    ↓  ↓       ↓
$query = "" INSERT INTO `table` (`id`, `col1`, `col2`, `date`, `updated`) 
                       VALUES (NULL, 'val1', 'val2', '2001-01-01', NOW()) "";
                               ↑↑↑↑  ↑    ↑  ↑    ↑  ↑          ↑  ↑↑↑↑↑ 
Unquoted keyword          ─────┴┴┴┘  │    │  │    │  │          │  │││││
Single-quoted (') strings ───────────┴────┴──┴────┘  │          │  │││││
Single-quoted (') DATE    ───────────────────────────┴──────────┘  │││││
Unquoted function         ─────────────────────────────────────────┴┴┴┴┘ Variable interpolation The quoting patterns for variables do not change, although if you intend to interpolate the variables directly in a string, it must be double-quoted in PHP. Just make sure that you have properly escaped the variables for use in SQL. ( It is recommended to use an API supporting prepared statements instead, as protection against SQL injection ). // Same thing with some variable replacements
// Here, a variable table name $table is backtick-quoted, and variables
// in the VALUES list are single-quoted 
$query = ""INSERT INTO `$table` (`id`, `col1`, `col2`, `date`) VALUES (NULL, '$val1' , '$val2' , '$date' )""; Prepared statements When working with prepared statements, consult the documentation to determine whether or not the statement's placeholders must be quoted.  The most popular APIs available in PHP, PDO and MySQLi, expect unquoted placeholders, as do most prepared statement APIs in other languages: // PDO example with named parameters, unquoted
$query = ""INSERT INTO `table` (`id`, `col1`, `col2`, `date`) VALUES (:id, :col1, :col2, :date)"";
    
// MySQLi example with ? parameters, unquoted
$query = ""INSERT INTO `table` (`id`, `col1`, `col2`, `date`) VALUES (?, ?, ?, ?)""; Characters requring backtick quoting in identifiers: According to MySQL documentation , you do not need to quote (backtick) identifiers using the following character set: ASCII: [0-9,a-z,A-Z$_] (basic Latin letters, digits 0-9, dollar, underscore) You can use characters beyond that set as table or column identifiers, including whitespace for example, but then you must quote (backtick) them. Also, although numbers are valid characters for identifiers, identifiers cannot consist solely of numbers. If they do they must be wrapped in backticks.","php,sql,mysql,quotes",806,11321508,https://stackoverflow.com/questions/11321491/when-to-use-single-quotes-double-quotes-and-backticks-in-mysql
Get top 1 row of each group,"WITH cte AS
(
   SELECT *,
         ROW_NUMBER() OVER (PARTITION BY DocumentID ORDER BY DateCreated DESC) AS rn
   FROM DocumentStatusLogs
)
SELECT *
FROM cte
WHERE rn = 1 If you expect 2 entries per day, then this will arbitrarily pick one. To get both entries for a day, use DENSE_RANK instead of ROW_NUMBER. As for normalised or not, it depends if you want to: maintain status in 2 places preserve status history ... As it stands, you preserve status history. If you want latest status in the parent table too (which is denormalisation) you'd need a trigger to maintain ""status"" in the parent. or drop this status history table.","sql,sql-server,t-sql,greatest-n-per-group",800,6841644,https://stackoverflow.com/questions/6841605/get-top-1-row-of-each-group
SQL injection that gets around mysql_real_escape_string(),"Consider the following query: $iId = mysql_real_escape_string(""1 OR 1=1"");    
$sSql = ""SELECT * FROM table WHERE id = $iId""; mysql_real_escape_string() will not protect you against this. The fact that you use single quotes ( ' ' ) around your variables inside your query is what protects you against this. The following is also an option: $iId = (int)""1 OR 1=1"";
$sSql = ""SELECT * FROM table WHERE id = $iId"";","php,mysql,sql,security,sql-injection",798,5741264,https://stackoverflow.com/questions/5741187/sql-injection-that-gets-around-mysql-real-escape-string
&#39;IF&#39; in &#39;SELECT&#39; statement - choose output value based on column values,"SELECT id, 
       IF(type = 'P', amount, amount * -1) as amount
FROM report See https://dev.mysql.com/doc/refman/8.0/en/flow-control-functions.html . Additionally, you could handle when the condition is null. In the case of a null amount: SELECT id, 
       IF(type = 'P', IFNULL(amount,0), IFNULL(amount,0) * -1) as amount
FROM report The part IFNULL(amount,0) means when amount is not null return amount else return 0 .","mysql,sql,database",774,5951204,https://stackoverflow.com/questions/5951157/if-in-select-statement-choose-output-value-based-on-column-values
How to select all records from one table that do not exist in another table?,"SELECT t1.name
FROM table1 t1
LEFT JOIN table2 t2 ON t2.name = t1.name
WHERE t2.name IS NULL Q : What is happening here? A : Conceptually, we select all rows from table1 and for each row we attempt to find a row in table2 with the same value for the name column. If there is no such row, we just leave the table2 portion of our result empty for that row. Then we constrain our selection by picking only those rows in the result where the matching row does not exist. Finally, We ignore all fields from our result except for the name column (the one we are sure that exists, from table1 ). While it may not be the most performant method possible in all cases, it should work in basically every database engine ever that attempts to implement ANSI 92 SQL","sql,sql-server,t-sql",769,2686266,https://stackoverflow.com/questions/2686254/how-to-select-all-records-from-one-table-that-do-not-exist-in-another-table
How to reset Postgres&#39; primary key sequence when it falls out of sync?,"-- Login to psql and run the following

-- What is the result?
SELECT MAX(id) FROM your_table;

-- Then run...
-- This should be higher than the last result.
SELECT nextval('your_table_id_seq');

-- If it's not higher... run this set the sequence last to your highest id. 
-- (wise to run a quick pg_dump first...)

BEGIN;
-- protect against concurrent inserts while you update the counter
LOCK TABLE your_table IN EXCLUSIVE MODE;
-- Update the sequence
SELECT setval('your_table_id_seq',(SELECT GREATEST(MAX(your_id), nextval('your_table_id_seq')-1) FROM your_table))
COMMIT; Source - Ruby Forum","sql,postgresql,primary-key,ddl,database-sequence",762,244265,https://stackoverflow.com/questions/244243/how-to-reset-postgres-primary-key-sequence-when-it-falls-out-of-sync
Postgres: upgrade a user to be a superuser?,ALTER USER myuser WITH SUPERUSER; You can read more at the Documentation for ALTER USER,"sql,database,postgresql,alter,superuser",757,10757486,https://stackoverflow.com/questions/10757431/postgres-upgrade-a-user-to-be-a-superuser
Solutions for INSERT OR UPDATE on SQL Server,"don't forget about transactions. Performance is good, but simple (IF EXISTS..) approach is very dangerous. When multiple threads will try to perform Insert-or-update you can easily 
get primary key violation. Solutions provided by @Beau Crawford & @Esteban show general idea but error-prone. To avoid deadlocks and PK violations you can use something like this: begin tran
if exists (select * from table with (updlock,serializable) where key = @key)
begin
   update table set ...
   where key = @key
end
else
begin
   insert into table (key, ...)
   values (@key, ...)
end
commit tran or begin tran
   update table with (serializable) set ...
   where key = @key

   if @@rowcount = 0
   begin
      insert into table (key, ...) values (@key,..)
   end
commit tran","sql,sql-server,database,insert,upsert",751,108420,https://stackoverflow.com/questions/108403/solutions-for-insert-or-update-on-sql-server
How to insert a line break in a SQL Server VARCHAR/NVARCHAR string,"I found the answer here: http://blog.sqlauthority.com/2007/08/22/sql-server-t-sql-script-to-insert-carriage-return-and-new-line-feed-in-code/ You just concatenate the string and insert a CHAR(13) where you want your line break. Example: DECLARE @text NVARCHAR(100)
SET @text = 'This is line 1.' + CHAR(13) + 'This is line 2.'
SELECT @text This prints out the following: This is line 1. This is line 2.","sql,sql-server,line-breaks",723,31063,https://stackoverflow.com/questions/31057/how-to-insert-a-line-break-in-a-sql-server-varchar-nvarchar-string
How do I restore a dump file from mysqldump?,"It should be as simple as running this: mysql -u <user> -p < db_backup.dump If the dump is of a single database you may have to add a line at the top of the file: USE <database-name-here>; If it was a dump of many databases, the use statements are already in there. To run these commands, open up a command prompt (in Windows) and cd to the directory where the mysql.exe executable is (you may have to look around a bit for it, it'll depend on how you installed mysql, i.e. standalone or as part of a package like WAMP).  Once you're in that directory, you should be able to just type the command as I have it above.","mysql,sql,database",701,105798,https://stackoverflow.com/questions/105776/how-do-i-restore-a-dump-file-from-mysqldump
How to skip certain database tables with mysqldump?,"You can use the --ignore-table option. So you could do mysqldump -u USERNAME -pPASSWORD DATABASE --ignore-table=DATABASE.table1 > database.sql There is no whitespace after -p (this is not a typo). To ignore multiple tables, use this option multiple times, this is documented to work since at least version 5.0 . If you want an alternative way to ignore multiple tables you can use a script like this: #!/bin/bash
PASSWORD=XXXXXX
HOST=XXXXXX
USER=XXXXXX
DATABASE=databasename
DB_FILE=dump.sql
EXCLUDED_TABLES=(
table1
table2
table3
table4
tableN   
)
 
IGNORED_TABLES_STRING=''
for TABLE in ""${EXCLUDED_TABLES[@]}""
do :
   IGNORED_TABLES_STRING+="" --ignore-table=${DATABASE}.${TABLE}""
done

echo ""Dump structure""
mysqldump --host=${HOST} --user=${USER} --password=${PASSWORD} --single-transaction --no-data --routines ${DATABASE} > ${DB_FILE}

echo ""Dump content""
mysqldump --host=${HOST} --user=${USER} --password=${PASSWORD} ${DATABASE} --no-create-info --skip-triggers ${IGNORED_TABLES_STRING} >> ${DB_FILE}","sql,mysql,database,dump,database-dump",695,425172,https://stackoverflow.com/questions/425158/how-to-skip-certain-database-tables-with-mysqldump
Export schema without data,You can do with the --no-data option with mysqldump command mysqldump -h yourhostnameorIP -u root -p --no-data dbname > schema.sql,"sql,mysql,database,database-schema,dump",686,6175506,https://stackoverflow.com/questions/6175473/export-schema-without-data
How can I insert multiple rows with a single statement in SQLite?,"As Brian Campbell points out here , SQLite 3.7.11 and above now supports the simpler syntax of the original post .  However, the approach shown is still appropriate if you want maximum compatibility across legacy databases. Original answer If I had privileges, I would bump river's reply : You can insert multiple rows in SQLite, and you just need a different syntax .  To make it perfectly clear, the OP's MySQL example: INSERT INTO 'tablename' ('column1', 'column2') VALUES
  ('data1', 'data2'),
  ('data1', 'data2'),
  ('data1', 'data2'),
  ('data1', 'data2'); This can be recast into SQLite as: INSERT INTO 'tablename'
          SELECT 'data1' AS 'column1', 'data2' AS 'column2'
UNION ALL SELECT 'data1', 'data2'
UNION ALL SELECT 'data1', 'data2'
UNION ALL SELECT 'data1', 'data2' A note on performance I originally used this technique to efficiently load large datasets from Ruby on Rails. However , as Jaime Cook points out , it's not clear this is any faster wrapping individual INSERTs within a single transaction: BEGIN TRANSACTION;
INSERT INTO 'tablename' table VALUES ('data1', 'data2');
INSERT INTO 'tablename' table VALUES ('data3', 'data4');
...
COMMIT; If efficiency is your goal, you should try this first. A note on UNION vs UNION ALL As several people commented, if you use UNION ALL (as shown above), all rows will be inserted, so in this case, you'd get four rows of data1, data2 .  If you omit the ALL , then duplicate rows will be eliminated (and the operation will presumably be a bit slower).  We're using UNION ALL since it more closely matches the semantics of the original post. In closing P.S.: Please +1 river's reply , as it presented the solution first.","sql,database,sqlite,syntax,insert",685,5009740,https://stackoverflow.com/questions/1609637/how-can-i-insert-multiple-rows-with-a-single-statement-in-sqlite
Fetch the rows which have the Max value for a column for each distinct value of another column,"This will retrieve all rows for which the my_date column value is equal to the maximum value of my_date for that userid. This may retrieve multiple rows for the userid where the maximum date is on multiple rows. select userid,
       my_date,
       ...
from
(
select userid,
       my_date,
       ...
       max(my_date) over (partition by userid) max_my_date
from   users
)
where my_date = max_my_date ""Analytic functions rock"" Edit: With regard to the first comment ... ""using analytic queries and a self-join defeats the purpose of analytic queries"" There is no self-join in this code. There is instead a predicate placed on the result of the inline view that contains the analytic function -- a very different matter, and completely standard practice. ""The default window in Oracle is from the first row in the partition to the current one"" The windowing clause is only applicable in the presence of the order by clause. With no order by clause, no windowing clause is applied by default and none can be explicitly specified. The code works.","sql,oracle-database,greatest-n-per-group",684,121450,https://stackoverflow.com/questions/121387/fetch-the-rows-which-have-the-max-value-for-a-column-for-each-distinct-value-of
Selecting COUNT(*) with DISTINCT,"Count all the DISTINCT program names by program type and push number SELECT program_type  AS [Type],
       Count(DISTINCT program_name) AS [Count],
FROM   cm_production
WHERE  push_number = @push_number
GROUP  BY program_type DISTINCT COUNT(*) will return a row for each unique count. What you want is COUNT(DISTINCT <expression>) : evaluates expression for each row in a group and returns the number of unique, non-null values.","sql,sql-server,t-sql,sql-server-2005,distinct",665,1521656,https://stackoverflow.com/questions/1521605/selecting-count-with-distinct
Max function in SQL Server that takes two values like Math.Max in .NET,"You'll need to make a User-Defined Function if you want to have syntax similar to your example. You could do what you want to do, inline, fairly easily with a CASE expression, as others have said. The UDF could be something like this: create function dbo.InlineMax(@val1 int, @val2 int)
returns int
as
begin
  if @val1 > @val2
    return @val1
  return isnull(@val2,@val1)
end ... and you would call it like so ... SELECT o.OrderId, dbo.InlineMax(o.NegotiatedPrice, o.SuggestedPrice) 
FROM Order o","sql,sql-server,max",659,124474,https://stackoverflow.com/questions/124417/max-function-in-sql-server-that-takes-two-values-like-math-max-in-net
NOT IN vs NOT EXISTS,"I always default to NOT EXISTS . The execution plans may be the same at the moment but if either column is altered in the future to allow NULL s the NOT IN version will need to do more work (even if no NULL s are actually present in the data) and the semantics of NOT IN if NULL s are present are unlikely to be the ones you want anyway. When neither Products.ProductID or [Order Details].ProductID allow NULL s the NOT IN will be treated identically to the following query. SELECT ProductID,
       ProductName
FROM   Products p
WHERE  NOT EXISTS (SELECT *
                   FROM   [Order Details] od
                   WHERE  p.ProductId = od.ProductId) The exact plan may vary but for my example data I get the following. A reasonably common misconception seems to be that correlated sub queries are always ""bad"" compared to joins. They certainly can be when they force a nested loops plan (sub query evaluated row by row) but  this plan includes an anti semi join logical operator. Anti semi joins are not restricted to nested loops but can use hash or merge (as in this example) joins too. /*Not valid syntax but better reflects the plan*/ 
SELECT p.ProductID,
       p.ProductName
FROM   Products p
       LEFT ANTI SEMI JOIN [Order Details] od
         ON p.ProductId = od.ProductId If [Order Details].ProductID is NULL -able the query then becomes SELECT ProductID,
       ProductName
FROM   Products p
WHERE  NOT EXISTS (SELECT *
                   FROM   [Order Details] od
                   WHERE  p.ProductId = od.ProductId)
       AND NOT EXISTS (SELECT *
                       FROM   [Order Details]
                       WHERE  ProductId IS NULL) The reason for this is that the correct semantics if [Order Details] contains any NULL ProductId s is to return no results. See the extra anti semi join and row count spool to verify this that is added to the plan. If Products.ProductID is also changed to become NULL -able the query then becomes SELECT ProductID,
       ProductName
FROM   Products p
WHERE  NOT EXISTS (SELECT *
                   FROM   [Order Details] od
                   WHERE  p.ProductId = od.ProductId)
       AND NOT EXISTS (SELECT *
                       FROM   [Order Details]
                       WHERE  ProductId IS NULL)
       AND NOT EXISTS (SELECT *
                       FROM   (SELECT TOP 1 *
                               FROM   [Order Details]) S
                       WHERE  p.ProductID IS NULL) The reason for that one is because a NULL Products.ProductId should not be returned in the results except if the NOT IN sub query were to return no results at all (i.e. the [Order Details] table is empty). In which case it should. In the plan for my sample data this is implemented by adding another anti semi join as below. The effect of this is shown in the blog post already linked by Buckley . In the example there the number of logical reads increase from around 400 to 500,000. Additionally the fact that a single NULL can reduce the row count to zero makes cardinality estimation very difficult. If SQL Server assumes that this will happen but in fact there were no NULL rows in the data the rest of the execution plan may be catastrophically worse, if this is just part of a larger query, with inappropriate nested loops causing repeated execution of an expensive sub tree for example . This is not the only possible execution plan for a NOT IN on a NULL -able column however. This article shows another one for a query against the AdventureWorks2008 database. For the NOT IN on a NOT NULL column or the NOT EXISTS against either a nullable or non nullable column it gives the following plan. When the column changes to NULL -able the NOT IN plan now looks like It adds an extra inner join operator to the plan. This apparatus is explained here . It is all there to convert the previous single correlated index seek on Sales.SalesOrderDetail.ProductID = <correlated_product_id> to two seeks per outer row. The additional one is on WHERE Sales.SalesOrderDetail.ProductID IS NULL . As this is under an anti semi join if that one returns any rows the second seek will not occur. However if Sales.SalesOrderDetail does not contain any NULL ProductID s it will double the number of seek operations required.","sql,sql-server,notin",653,11074428,https://stackoverflow.com/questions/173041/not-in-vs-not-exists
How can I turn IDENTITY_INSERT on and off using SQL Server 2008?,"Via SQL as per MSDN SET IDENTITY_INSERT sometableWithIdentity ON

INSERT INTO sometableWithIdentity 
    (IdentityColumn, col2, col3, ...)
VALUES 
    (AnIdentityValue, col2value, col3value, ...)

SET IDENTITY_INSERT sometableWithIdentity OFF The complete error message tells you exactly what is wrong... Cannot insert explicit value for identity column in table 'sometableWithIdentity' when IDENTITY_INSERT is set to OFF.","sql,sql-server-2008",651,7063527,https://stackoverflow.com/questions/7063501/how-can-i-turn-identity-insert-on-and-off-using-sql-server-2008
UPSERT *not* INSERT or REPLACE,"Assuming three columns in the table: ID, NAME, ROLE BAD: This will insert or replace all columns with new values for ID=1: INSERT OR REPLACE INTO Employee (id, name, role) 
  VALUES (1, 'John Foo', 'CEO'); BAD: This will insert or replace 2 of the columns... the NAME column will be set to NULL or the default value: INSERT OR REPLACE INTO Employee (id, role) 
  VALUES (1, 'code monkey'); GOOD : Use SQLite On conflict clause UPSERT support in SQLite! UPSERT syntax was added to SQLite with version 3.24.0! UPSERT is a special syntax addition to INSERT that causes the INSERT to behave as an UPDATE or a no-op if the INSERT would violate a uniqueness constraint. UPSERT is not standard SQL. UPSERT in SQLite follows the syntax established by PostgreSQL. GOOD but tedious: This will update 2 of the columns.
When ID=1 exists, the NAME will be unaffected.
When ID=1 does not exist, the name will be the default (NULL). INSERT OR REPLACE INTO Employee (id, role, name) 
  VALUES (  1, 
            'code monkey',
            (SELECT name FROM Employee WHERE id = 1)
          ); This will update 2 of the columns.
When ID=1 exists, the ROLE will be unaffected.
When ID=1 does not exist, the role will be set to 'Benchwarmer' instead of the default value. INSERT OR REPLACE INTO Employee (id, name, role) 
  VALUES (  1, 
            'Susan Bar',
            COALESCE((SELECT role FROM Employee WHERE id = 1), 'Benchwarmer')
          );","sql,sqlite,upsert",629,4330694,https://stackoverflow.com/questions/418898/upsert-not-insert-or-replace
UPDATE and REPLACE part of a string,"You don't need wildcards in the REPLACE - it just finds the string you enter for the second argument, so the following should work: UPDATE dbo.xxx
SET Value = REPLACE(Value, '123', '')
WHERE ID <=4 If the column to replace is type text or ntext you need to cast it to nvarchar UPDATE dbo.xxx
SET Value = REPLACE(CAST(Value as nVarchar(4000)), '123', '')
WHERE ID <=4","sql,sql-server,string,sql-server-2008,replace",629,17365278,https://stackoverflow.com/questions/17365222/update-and-replace-part-of-a-string
How to request a random row in SQL?,"See this post: SQL to Select a random row from a database table . It goes through methods for doing this in MySQL, PostgreSQL, Microsoft SQL Server, IBM DB2 and Oracle (the following is copied from that link): Select a random row with MySQL: SELECT column FROM table
ORDER BY RAND()
LIMIT 1 Select a random row with PostgreSQL: SELECT column FROM table
ORDER BY RANDOM()
LIMIT 1 Select a random row with Microsoft SQL Server: SELECT TOP 1 column FROM table
ORDER BY NEWID() Select a random row with IBM DB2 SELECT column, RAND() as IDX 
FROM table 
ORDER BY IDX FETCH FIRST 1 ROWS ONLY Select a random record with Oracle: SELECT column FROM
( SELECT column FROM table
ORDER BY dbms_random.value )
WHERE rownum = 1","sql,random",622,19419,https://stackoverflow.com/questions/19412/how-to-request-a-random-row-in-sql
What is the best way to paginate results in SQL Server,"Getting the total number of results and paginating are two different operations. For the sake of this example, let's assume that the query you're dealing with is SELECT * FROM Orders WHERE OrderDate >= '1980-01-01' ORDER BY OrderDate In this case, you would determine the total number of results using: SELECT COUNT(*) FROM Orders WHERE OrderDate >= '1980-01-01' ...which may seem inefficient, but is actually pretty performant, assuming all indexes etc. are properly set up. Next, to get actual results back in a paged fashion, the following query would be most efficient: SELECT  *
FROM    ( SELECT    ROW_NUMBER() OVER ( ORDER BY OrderDate ) AS RowNum, *
          FROM      Orders
          WHERE     OrderDate >= '1980-01-01'
        ) AS RowConstrainedResult
WHERE   RowNum >= 1
    AND RowNum < 20
ORDER BY RowNum This will return rows 1-19 of the original query. The cool thing here, especially for web apps, is that you don't have to keep any state, except the row numbers to be returned.","sql,sql-server,performance,pagination",621,109290,https://stackoverflow.com/questions/109232/what-is-the-best-way-to-paginate-results-in-sql-server
Delete with Join in MySQL,"You just need to specify that you want to delete the entries from the posts table: DELETE posts
FROM posts
INNER JOIN projects ON projects.project_id = posts.project_id
WHERE projects.client_id = :client_id EDIT:  For more information you can see this alternative answer","sql,mysql",620,4192849,https://stackoverflow.com/questions/652770/delete-with-join-in-mysql
How do I (or can I) SELECT DISTINCT on multiple columns?,"SELECT DISTINCT a,b,c FROM t is roughly equivalent to: SELECT a,b,c FROM t GROUP BY a,b,c It's a good idea to get used to the GROUP BY syntax, as it's more powerful. For your query, I'd do it like this: UPDATE sales
SET status='ACTIVE'
WHERE id IN
(
    SELECT id
    FROM sales S
    INNER JOIN
    (
        SELECT saleprice, saledate
        FROM sales
        GROUP BY saleprice, saledate
        HAVING COUNT(*) = 1 
    ) T
    ON S.saleprice=T.saleprice AND s.saledate=T.saledate
 )","sql,postgresql,sql-update,duplicates,distinct",617,54430,https://stackoverflow.com/questions/54418/how-do-i-or-can-i-select-distinct-on-multiple-columns
How to declare a variable in MySQL?,"There are mainly three types of variables in MySQL: User-defined variables (prefixed with @ ): You can access any user-defined variable without declaring it or
initializing it. If you refer to a variable that has not been
initialized, it has a value of NULL and a type of string. SELECT @var_any_var_name You can initialize a variable using SET or SELECT statement: SET @start = 1, @finish = 10; or SELECT @start := 1, @finish := 10;

SELECT * FROM places WHERE place BETWEEN @start AND @finish; User variables can be assigned a value from a limited set of data
types: integer, decimal, floating-point, binary or nonbinary string,
or NULL value. User-defined variables are session-specific. That is, a user
variable defined by one client cannot be seen or used by other
clients. They can be used in SELECT queries using Advanced MySQL user variable techniques . Local Variables (no prefix) : Local variables needs to be declared using DECLARE before
accessing it. They can be used as local variables and the input parameters
inside a stored procedure: DELIMITER //

CREATE PROCEDURE sp_test(var1 INT) 
BEGIN   
    DECLARE start  INT unsigned DEFAULT 1;  
    DECLARE finish INT unsigned DEFAULT 10;

    SELECT  var1, start, finish;

    SELECT * FROM places WHERE place BETWEEN start AND finish; 
END; //

DELIMITER ;

CALL sp_test(5); If the DEFAULT clause is missing, the initial value is NULL . The scope of a local variable is the BEGIN ... END block within
which it is declared. Server System Variables (prefixed with @@ ): The MySQL server maintains many system variables configured to a default value.
They can be of type GLOBAL , SESSION or BOTH . Global variables affect the overall operation of the server whereas session variables affect its operation for individual client connections. To see the current values used by a running server, use the SHOW VARIABLES statement or SELECT @@var_name . SHOW VARIABLES LIKE '%wait_timeout%';

SELECT @@sort_buffer_size; They can be set at server startup using options on the command line or in an option file. 
Most of them can be changed dynamically while the server is running using SET GLOBAL or SET SESSION : -- Syntax to Set value to a Global variable:
SET GLOBAL sort_buffer_size=1000000;
SET @@global.sort_buffer_size=1000000;

-- Syntax to Set value to a Session variable:
SET sort_buffer_size=1000000;
SET SESSION sort_buffer_size=1000000;
SET @@sort_buffer_size=1000000;
SET @@local.sort_buffer_size=10000;","mysql,sql",614,11754790,https://stackoverflow.com/questions/11754781/how-to-declare-a-variable-in-mysql
OR is not supported with CASE expression SQL Server,"That format requires you to use either: CASE ebv.db_no 
  WHEN 22978 THEN 'WECS 9500' 
  WHEN 23218 THEN 'WECS 9500'  
  WHEN 23219 THEN 'WECS 9500' 
  ELSE 'WECS 9520' 
END as wecs_system Otherwise, use: CASE  
  WHEN ebv.db_no IN (22978, 23218, 23219) THEN 'WECS 9500' 
  ELSE 'WECS 9520' 
END as wecs_system","sql,sql-server,t-sql,case",612,5487936,https://stackoverflow.com/questions/5487892/or-is-not-supported-with-case-expression-sql-server
Best approach to remove time part of datetime in SQL Server,"Strictly, method a is the least resource intensive: a) select DATEADD(dd, DATEDIFF(dd, 0, getdate()), 0) Proven less CPU intensive for the same total duration a million rows by someone with way too much time on their hands: Most efficient way in SQL Server to get a date from date+time? I saw a similar test elsewhere with similar results too. I prefer the DATEADD/DATEDIFF because: varchar is subject to language/dateformat issues Example: Why is my CASE expression non-deterministic? float relies on internal storage it extends to work out first day of month, tomorrow, etc by changing ""0"" base Edit, Oct 2011 For SQL Server 2008+, you can CAST to date i.e. CAST(getdate() AS date) . Or just use date datatype so no time to remove. Edit, Jan 2012 A worked example of how flexible this is: Need to calculate by rounded time or date figure in sql server Edit, May 2012 Do not use this in WHERE clauses and the like without thinking: adding a function or CAST to a column invalidates index usage. See number 2 here Common SQL Programming Mistakes Now, this does have an example of later SQL Server optimiser versions managing CAST to date correctly, but generally it will be a bad idea ... Edit, Sep 2018, for datetime2 DECLARE @datetime2value datetime2 = '02180912 11:45' --this is deliberately within datetime2, year 0218
DECLARE @datetime2epoch datetime2 = '19000101'

select DATEADD(dd, DATEDIFF(dd, @datetime2epoch, @datetime2value), @datetime2epoch)","sql,sql-server,t-sql,datetime,date",612,1177529,https://stackoverflow.com/questions/1177449/best-approach-to-remove-time-part-of-datetime-in-sql-server
Is it possible to specify condition in Count()?,"If you can't just limit the query itself with a where clause, you can use the fact that the count aggregate only counts the non-null values: select count(case Position when 'Manager' then 1 else null end)
from ... You can also use the sum aggregate in a similar way: select sum(case Position when 'Manager' then 1 else 0 end)
from ...","sql,sql-server,t-sql",609,1400115,https://stackoverflow.com/questions/1400078/is-it-possible-to-specify-condition-in-count
MySQL Error: : &#39;Access denied for user &#39;root&#39;@&#39;localhost&#39;,"Open and edit /etc/my.cnf or /etc/mysql/my.cnf , depending on your distribution. Add skip-grant-tables under [mysqld] Restart MySQL You should be able to log in to MySQL now using the below command mysql -u root -p Run mysql> flush privileges; Set new password by ALTER USER 'root'@'localhost' IDENTIFIED BY 'NewPassword'; Go back to /etc/my.cnf and remove/comment skip-grant-tables Restart MySQL Now you will be able to login with the new password mysql -u root -p","sql,mysql,database-connection",586,41793945,https://stackoverflow.com/questions/41645309/mysql-error-access-denied-for-user-rootlocalhost
updating table rows in postgres using subquery,"Postgres allows: UPDATE dummy
SET customer=subquery.customer,
    address=subquery.address,
    partn=subquery.partn
FROM (SELECT address_id, customer, address, partn
      FROM  /* big hairy SQL */ ...) AS subquery
WHERE dummy.address_id=subquery.address_id; This syntax is not standard SQL, but it is much more convenient for this type of query than standard SQL. I believe Oracle (at least) accepts something similar.","sql,postgresql,subquery,sql-update",585,6258586,https://stackoverflow.com/questions/6256610/updating-table-rows-in-postgres-using-subquery
What are DDL and DML?,"The following is adapted from here MySQL What is DDL, DML and DCL? : DDL DDL is short name of Data Definition Language, which deals with
database schemas and descriptions, of how the data should reside in
the database. CREATE – to create database and its objects like (table, index, views, store procedure, function and triggers). ALTER – alters the structure of the existing database. DROP – delete objects from the database. TRUNCATE – remove all records from a table; also, all spaces allocated for the records are removed. COMMENT – add comments to the data dictionary. RENAME – rename an object. DML DML is short name of Data Manipulation Language which deals with data
manipulation, and includes most common SQL statements such SELECT,
INSERT, UPDATE, DELETE etc, and it is used to store, modify, retrieve,
delete and update data in database. SELECT – retrieve data from one or more tables. INSERT – insert data into a table. UPDATE – updates existing data within a table. DELETE – delete all records from a table. MERGE – UPSERT operation (insert or update) CALL – call a PL/SQL or Java subprogram. EXPLAIN PLAN – interpretation of the data access path. LOCK TABLE – concurrency control. DCL DCL is short name of Data Control Language which includes commands
such as GRANT, and mostly concerned with rights, permissions and other
controls of the database system. GRANT – allow users access privileges to database. REVOKE – withdraw users access privileges given by using the GRANT command. TCL TCL is short name of Transaction Control Language which deals with
transaction within a database. COMMIT – commits a transaction. ROLLBACK – rollback a transaction in case of any error occurs. SAVEPOINT – a point inside a transaction that allows rollback state to what it was at the time of the savepoint. SET TRANSACTION – specify characteristics for the transaction.","sql,ddl,dml",580,44796508,https://stackoverflow.com/questions/2578194/what-are-ddl-and-dml
What is the most efficient way to parse a flat table into a tree?,"Now that MySQL 8.0 supports recursive queries , we can say that all popular SQL databases support recursive queries in standard syntax. WITH RECURSIVE MyTree AS (
    SELECT * FROM MyTable WHERE ParentId IS NULL
    UNION ALL
    SELECT m.* FROM MyTABLE AS m JOIN MyTree AS t ON m.ParentId = t.Id
)
SELECT * FROM MyTree; I tested recursive queries in MySQL 8.0 in my presentation Recursive Query Throwdown in 2017. Below is my original answer from 2008: There are several ways to store tree-structured data in a relational database.  What you show in your example uses two methods: Adjacency List (the ""parent"" column) and Path Enumeration (the dotted-numbers in your name column). Another solution is called Nested Sets , and it can be stored in the same table too.  Read "" Trees and Hierarchies in SQL for Smarties "" by Joe Celko for a lot more information on these designs. I usually prefer a design called Closure Table (aka ""Adjacency Relation"") for storing tree-structured data.  It requires another table, but then querying trees is pretty easy. I cover Closure Table in my presentation Models for Hierarchical Data with SQL and PHP and in my book SQL Antipatterns Volume 1: Avoiding the Pitfalls of Database Programming . CREATE TABLE ClosureTable (
  ancestor_id   INT NOT NULL REFERENCES FlatTable(id),
  descendant_id INT NOT NULL REFERENCES FlatTable(id),
  PRIMARY KEY (ancestor_id, descendant_id)
); Store all paths in the Closure Table, where there is a direct ancestry from one node to another.  Include a row for each node to reference itself.  For example, using the data set you showed in your question: INSERT INTO ClosureTable (ancestor_id, descendant_id) VALUES
  (1,1), (1,2), (1,4), (1,6),
  (2,2), (2,4),
  (3,3), (3,5),
  (4,4),
  (5,5),
  (6,6); Now you can get a tree starting at node 1 like this: SELECT f.* 
FROM FlatTable f 
  JOIN ClosureTable a ON (f.id = a.descendant_id)
WHERE a.ancestor_id = 1; The output (in MySQL client) looks like the following: +----+
| id |
+----+
|  1 | 
|  2 | 
|  4 | 
|  6 | 
+----+ In other words, nodes 3 and 5 are excluded, because they're part of a separate hierarchy, not descending from node 1. Re: comment from e-satis about immediate children (or immediate parent).  You can add a "" path_length "" column to the ClosureTable to make it easier to query specifically for an immediate child or parent (or any other distance). INSERT INTO ClosureTable (ancestor_id, descendant_id, path_length) VALUES
  (1,1,0), (1,2,1), (1,4,2), (1,6,1),
  (2,2,0), (2,4,1),
  (3,3,0), (3,5,1),
  (4,4,0),
  (5,5,0),
  (6,6,0); Then you can add a term in your search for querying the immediate children of a given node.  These are descendants whose path_length is 1. SELECT f.* 
FROM FlatTable f 
  JOIN ClosureTable a ON (f.id = a.descendant_id)
WHERE a.ancestor_id = 1
  AND path_length = 1;

+----+
| id |
+----+
|  2 | 
|  6 | 
+----+ Re comment from @ashraf: ""How about sorting the whole tree [by name]?"" Here's an example query to return all nodes that are descendants of node 1, join them to the FlatTable that contains other node attributes such as name , and sort by the name. SELECT f.name
FROM FlatTable f 
JOIN ClosureTable a ON (f.id = a.descendant_id)
WHERE a.ancestor_id = 1
ORDER BY f.name; Re comment from @Nate: SELECT f.name, GROUP_CONCAT(b.ancestor_id order by b.path_length desc) AS breadcrumbs
FROM FlatTable f 
JOIN ClosureTable a ON (f.id = a.descendant_id) 
JOIN ClosureTable b ON (b.descendant_id = a.descendant_id) 
WHERE a.ancestor_id = 1 
GROUP BY a.descendant_id 
ORDER BY f.name

+------------+-------------+
| name       | breadcrumbs |
+------------+-------------+
| Node 1     | 1           |
| Node 1.1   | 1,2         |
| Node 1.1.1 | 1,2,4       |
| Node 1.2   | 1,6         |
+------------+-------------+ A user suggested an edit today. SO moderators approved the edit, but I am reversing it. The edit suggested that the ORDER BY in the last query above should be ORDER BY b.path_length, f.name , presumably to make sure the ordering matches the hierarchy. But this doesn't work, because it would order ""Node 1.1.1"" after ""Node 1.2"". If you want the ordering to match the hierarchy in a sensible way, that is possible, but not simply by ordering by the path length. For example, see my answer to MySQL Closure Table hierarchical database - How to pull information out in the correct order .","sql,algorithm,recursion,tree,hierarchical-data",580,192462,https://stackoverflow.com/questions/192220/what-is-the-most-efficient-way-to-parse-a-flat-table-into-a-tree
Adding an identity to an existing column,"You can't alter the existing columns for identity. You have 2 options, Create a new table with identity & drop the existing table Create a new column with identity & drop the existing column Approach 1. ( New table ) Here you can retain the existing data values on the newly created identity column. Note that you will lose all data if 'if not exists' is not satisfied, so make sure you put the condition on the drop as well! CREATE TABLE dbo.Tmp_Names
    (
      Id int NOT NULL
             IDENTITY(1, 1),
      Name varchar(50) NULL
    )
ON  [PRIMARY]
go

SET IDENTITY_INSERT dbo.Tmp_Names ON
go

IF EXISTS ( SELECT  *
            FROM    dbo.Names ) 
    INSERT  INTO dbo.Tmp_Names ( Id, Name )
            SELECT  Id,
                    Name
            FROM    dbo.Names TABLOCKX
go

SET IDENTITY_INSERT dbo.Tmp_Names OFF
go

DROP TABLE dbo.Names
go

Exec sp_rename 'Tmp_Names', 'Names' Approach 2 ( New column ) You can’t retain the existing data values on the newly created identity column, The identity column will hold the sequence of number. Alter Table Names
Add Id_new Int Identity(1, 1)
Go

Alter Table Names Drop Column ID
Go

Exec sp_rename 'Names.Id_new', 'ID', 'Column' See the following Microsoft SQL Server Forum post for more details: How to alter column to identity(1,1)","sql,sql-server,alter-table,identity-column",578,1049305,https://stackoverflow.com/questions/1049210/adding-an-identity-to-an-existing-column
How to print a query string with parameter values when using Hibernate,"You need to enable logging for the the following categories: org.hibernate.SQL - set to debug to log all SQL DML statements as they are executed org.hibernate.type - set to trace to log all JDBC parameters So a log4j configuration could look like: # logs the SQL statements
log4j.logger.org.hibernate.SQL=debug 

# Logs the JDBC parameters passed to a query
log4j.logger.org.hibernate.type=trace The first is equivalent to hibernate.show_sql=true legacy property , the second prints the bound parameters among other things. Another solution (non hibernate based) would be to use a JDBC proxy driver like P6Spy .","java,sql,hibernate,orm",565,1713464,https://stackoverflow.com/questions/1710476/how-to-print-a-query-string-with-parameter-values-when-using-hibernate
java.util.Date vs java.sql.Date,"Congratulations, you've hit my favorite pet peeve with JDBC: Date class handling. Basically databases usually support at least three forms of datetime fields which are date, time and timestamp. Each of these have a corresponding class in JDBC and each of them extend java.util.Date . Quick semantics of each of these three are the following: java.sql.Date corresponds to SQL DATE which means it stores years, months and days while hour, minute, second and millisecond are ignored. Additionally sql.Date isn't tied to timezones. java.sql.Time corresponds to SQL TIME and as should be obvious, only contains information about hour, minutes, seconds and milliseconds . java.sql.Timestamp corresponds to SQL TIMESTAMP which is exact date to the nanosecond ( note that util.Date only supports milliseconds! ) with customizable precision. One of the most common bugs when using JDBC drivers in relation to these three types is that the types are handled incorrectly. This means that sql.Date is timezone specific, sql.Time contains current year, month and day et cetera et cetera. Finally: Which one to use? Depends on the SQL type of the field, really. PreparedStatement has setters for all three values, #setDate() being the one for sql.Date , #setTime() for sql.Time and #setTimestamp() for sql.Timestamp . Do note that if you use ps.setObject(fieldIndex, utilDateObject); you can actually give a normal util.Date to most JDBC drivers which will happily devour it as if it was of the correct type but when you request the data afterwards, you may notice that you're actually missing stuff. I'm really saying that none of the Dates should be used at all. What I am saying that save the milliseconds/nanoseconds as plain longs and convert them to whatever objects you are using ( obligatory joda-time plug ). One hacky way which can be done is to store the date component as one long and time component as another, for example right now would be 20100221 and 154536123. These magic numbers can be used in SQL queries and will be portable from database to another and will let you avoid this part of JDBC/Java Date API:s entirely.","java,sql,datetime,date,jdbc",564,2306051,https://stackoverflow.com/questions/2305973/java-util-date-vs-java-sql-date
MySQL select 10 random rows from 600K rows fast,"A great post handling several cases, from simple, to gaps, to non-uniform with gaps. http://jan.kneschke.de/projects/mysql/order-by-rand/ For most general case, here is how you do it: SELECT name
  FROM random AS r1 JOIN
       (SELECT CEIL(RAND() *
                     (SELECT MAX(id)
                        FROM random)) AS id)
        AS r2
 WHERE r1.id >= r2.id
 ORDER BY r1.id ASC
 LIMIT 1 This supposes that the distribution of ids is equal, and that there can be gaps in the id list. See the article for more advanced examples","mysql,sql,random",562,4329447,https://stackoverflow.com/questions/4329396/mysql-select-10-random-rows-from-600k-rows-fast
MySQL: @variable vs. variable. What&#39;s the difference?,"MySQL has a concept of user-defined variables . They are loosely typed variables that may be initialized somewhere in a session and keep their value until the session ends. They are prepended with an @ sign, like this: @var You can initialize this variable with a SET statement or inside a query: SET @var = 1

SELECT @var2 := 2 When you develop a stored procedure in MySQL, you can pass the input parameters and declare the local variables: DELIMITER //

CREATE PROCEDURE prc_test (var INT)
BEGIN
    DECLARE  var2 INT;
    SET var2 = 1;
    SELECT  var2;
END;
//

DELIMITER ; These variables are not prepended with any prefixes. The difference between a procedure variable and a session-specific user-defined variable is that a procedure variable is reinitialized to NULL each time the procedure is called, while the session-specific variable is not: CREATE PROCEDURE prc_test ()
BEGIN
    DECLARE var2 INT DEFAULT 1;
    SET var2 = var2 + 1;
    SET @var2 = @var2 + 1;
    SELECT  var2, @var2;
END;

SET @var2 = 1;

CALL prc_test();

var2  @var2
---   ---
2     2


CALL prc_test();

var2  @var2
---   ---
2     3


CALL prc_test();

var2  @var2
---   ---
2     4 As you can see, var2 (procedure variable) is reinitialized each time the procedure is called, while @var2 (session-specific variable) is not. (In addition to user-defined variables, MySQL also has some predefined ""system variables"", which may be ""global variables"" such as @@global.port or ""session variables"" such as @@session.sql_mode ; these ""session variables"" are unrelated to session-specific user-defined variables.)","sql,mysql,database,local-variables,user-defined-variables",555,1010042,https://stackoverflow.com/questions/1009954/mysql-variable-vs-variable-whats-the-difference
When to use &quot;ON UPDATE CASCADE&quot;,"It's true that if your primary key is just an identity value auto incremented, you would have no real use for ON UPDATE CASCADE . However, let's say that your primary key is a 10 digit UPC bar code and because of expansion, you need to change it to a 13-digit UPC bar code.  In that case, ON UPDATE CASCADE would allow you to change the primary key value and any tables that have foreign key references to the value will be changed accordingly. In reference to #4, if you change the child ID to something that doesn't exist in the parent table (and you have referential integrity), you should get a foreign key error.","sql,foreign-keys",554,1481524,https://stackoverflow.com/questions/1481476/when-to-use-on-update-cascade
SQL MAX of multiple columns?,"This is an old answer and broken in many way. See https://stackoverflow.com/a/6871572/194653 which has way more upvotes and works with SQL Server 2008+ and handles nulls, etc. Original but problematic answer : Well, you can use the CASE expression: SELECT
    CASE
        WHEN Date1 >= Date2 AND Date1 >= Date3 THEN Date1
        WHEN Date2 >= Date1 AND Date2 >= Date3 THEN Date2
        WHEN Date3 >= Date1 AND Date3 >= Date2 THEN Date3
        ELSE                                        Date1
    END AS MostRecentDate","sql,sql-server,t-sql",546,71045,https://stackoverflow.com/questions/71022/sql-max-of-multiple-columns
What is an index in SQL?,"An index is used to speed up searching in the database. MySQL has some good documentation on the subject (which is relevant for other SQL servers as well): http://dev.mysql.com/doc/refman/5.0/en/mysql-indexes.html An index can be used to efficiently find all rows matching some column in your query and then walk through only that subset of the table to find exact matches. If you don't have indexes on any column in the WHERE clause, the SQL server has to walk through the whole table and check every row to see if it matches, which may be a slow operation on big tables. The index can also be a UNIQUE index, which means that you cannot have duplicate values in that column, or a PRIMARY KEY which in some storage engines defines where in the database file the value is stored. In MySQL you can use EXPLAIN in front of your SELECT statement to see if your query will make use of any index. This is a good start for troubleshooting performance problems. Read more here: http://dev.mysql.com/doc/refman/5.0/en/explain.html","sql,indexing",541,2955470,https://stackoverflow.com/questions/2955459/what-is-an-index-in-sql
MySQL error: key specification without a key length,"The error happens because MySQL can index only the first N chars of a BLOB or TEXT column. So The error mainly happens when there is a field/column type of TEXT or BLOB or those belong to TEXT or BLOB types such as TINYBLOB , MEDIUMBLOB , LONGBLOB , TINYTEXT , MEDIUMTEXT , and LONGTEXT that you try to make a primary key or index. With full BLOB or TEXT without the length value, MySQL is unable to guarantee the uniqueness of the column as it’s of variable and dynamic size. So, when using BLOB or TEXT types as an index, the value of N must be supplied so that MySQL can determine the key length. However, MySQL doesn’t support a key length limit on TEXT or BLOB . TEXT(88) simply won’t work. The error will also pop up when you try to convert a table column from non-TEXT and non-BLOB type such as VARCHAR and ENUM into TEXT or BLOB type, with the column already been defined as unique constraints or index. The Alter Table SQL command will fail. The solution to the problem is to remove the TEXT or BLOB column from the index or unique constraint or set another field as primary key. If you can't do that, and wanting to place a limit on the TEXT or BLOB column, try to use VARCHAR type and place a limit of length on it. By default, VARCHAR is limited to a maximum of 255 characters and its limit must be specified implicitly within a bracket right after its declaration, i.e VARCHAR(200) will limit it to 200 characters long only. Sometimes, even though you don’t use TEXT or BLOB related type in your table, the Error 1170 may also appear. It happens in a situation such as when you specify VARCHAR column as primary key, but wrongly set its length or characters size. VARCHAR can only accepts up to 256 characters, so anything such as VARCHAR(512) will force MySQL to auto-convert the VARCHAR(512) to a SMALLTEXT datatype, which subsequently fails with error 1170 on key length if the column is used as primary key or unique or non-unique index. To solve this problem, specify a figure less than 256 as the size for VARCHAR field. Reference: MySQL Error 1170 (42000): BLOB/TEXT Column Used in Key Specification Without a Key Length","mysql,sql,mysql-error-1170",538,1827099,https://stackoverflow.com/questions/1827063/mysql-error-key-specification-without-a-key-length
How to create id with AUTO_INCREMENT on Oracle?,"There is no such thing as ""auto_increment"" or ""identity"" columns in Oracle as of Oracle 11g . However, you can model it easily with a sequence and a trigger: Table definition: CREATE TABLE departments (
  ID           NUMBER(10)    NOT NULL,
  DESCRIPTION  VARCHAR2(50)  NOT NULL);

ALTER TABLE departments ADD (
  CONSTRAINT dept_pk PRIMARY KEY (ID));

CREATE SEQUENCE dept_seq START WITH 1; Trigger definition: CREATE OR REPLACE TRIGGER dept_bir 
BEFORE INSERT ON departments 
FOR EACH ROW

BEGIN
  SELECT dept_seq.NEXTVAL
  INTO   :new.id
  FROM   dual;
END;
/ UPDATE: IDENTITY column is now available on Oracle 12c: create table t1 (
    c1 NUMBER GENERATED by default on null as IDENTITY,
    c2 VARCHAR2(10)
    ); or specify starting and increment values, also preventing any insert into the identity column ( GENERATED ALWAYS ) (again, Oracle 12c+ only) create table t1 (
    c1 NUMBER GENERATED ALWAYS as IDENTITY(START with 1 INCREMENT by 1),
    c2 VARCHAR2(10)
    ); Alternatively, Oracle 12 also allows to use a sequence as a default value: CREATE SEQUENCE dept_seq START WITH 1;

CREATE TABLE departments (
  ID           NUMBER(10)    DEFAULT dept_seq.nextval NOT NULL,
  DESCRIPTION  VARCHAR2(50)  NOT NULL);

ALTER TABLE departments ADD (
  CONSTRAINT dept_pk PRIMARY KEY (ID));","sql,oracle-database,auto-increment",538,11296469,https://stackoverflow.com/questions/11296361/how-to-create-id-with-auto-increment-on-oracle
How can I update top 100 records in SQL server?,"Note, the parentheses are required for UPDATE statements: update top (100) table1 set field1 = 1","sql,sql-server,t-sql,sql-update",537,1198404,https://stackoverflow.com/questions/1198364/how-can-i-update-top-100-records-in-sql-server
How do I split a delimited string so I can access individual items?,"You may find the solution in SQL User Defined Function to Parse a Delimited String helpful (from The Code Project ). You can use this simple logic: Declare @products varchar(200) = '1|20|3|343|44|6|8765'
Declare @individual varchar(20) = null

WHILE LEN(@products) > 0
BEGIN
    IF PATINDEX('%|%', @products) > 0
    BEGIN
        SET @individual = SUBSTRING(@products,
                                    0,
                                    PATINDEX('%|%', @products))
        SELECT @individual

        SET @products = SUBSTRING(@products,
                                  LEN(@individual + '|') + 1,
                                  LEN(@products))
    END
    ELSE
    BEGIN
        SET @individual = @products
        SET @products = NULL
        SELECT @individual
    END
END","sql,sql-server,t-sql,split",535,2657,https://stackoverflow.com/questions/2647/how-do-i-split-a-delimited-string-so-i-can-access-individual-items
Best way to select random rows PostgreSQL,"Fast ways Given your specifications (plus additional info in the comments): You have a numeric ID column (integer numbers) with only a few (or moderately few) gaps. Obviously no or few write operations. Your ID column has to be indexed! A primary key serves nicely. The query below does not need a sequential scan of the big table, only an index scan. First, get estimates for the main query: SELECT count(*) AS ct              -- optional
     , min(id)  AS min_id
     , max(id)  AS max_id
     , max(id) - min(id) AS id_span
FROM   big; The only possibly expensive part is the count(*) (for huge tables). Given the above specifications, you don't need it. An estimate to replace the full count will do just fine, available at almost no cost: SELECT (reltuples / relpages * (pg_relation_size(oid) / 8192))::bigint AS ct
FROM   pg_class
WHERE  oid = 'big'::regclass;  -- your table name Detailed explanation: Fast way to discover the row count of a table in PostgreSQL As long as ct isn't much smaller than id_span , the query will outperform other approaches. WITH params AS (
   SELECT 1       AS min_id           -- minimum id <= current min id
        , 5100000 AS id_span          -- rounded up. (max_id - min_id + buffer)
    )
SELECT *
FROM  (
   SELECT p.min_id + trunc(random() * p.id_span)::integer AS id
   FROM   params p
        , generate_series(1, 1100) g  -- 1000 + buffer
   GROUP  BY 1                        -- trim duplicates
) r
JOIN   big USING (id)
LIMIT  1000;                          -- trim surplus Generate random numbers in the id space. You have ""few gaps"", so add 10 % (enough to easily cover the blanks) to the number of rows to retrieve. Each id can be picked multiple times by chance (though very unlikely with a big ID space), so group the generated numbers (or use DISTINCT ). Join the id s to the big table. This should be very fast with the index in place. Finally trim surplus id s that have not been eaten by dupes and gaps. Every row has a completely equal chance to be picked. Short version You can simplify this query. The CTE in the query above is just for educational purposes: SELECT *
FROM  (
   SELECT DISTINCT 1 + trunc(random() * 5100000)::integer AS id
   FROM   generate_series(1, 1100) g
   ) r
JOIN   big USING (id)
LIMIT  1000; Refine with rCTE Especially if you are not so sure about gaps and estimates. WITH RECURSIVE random_pick AS (
   SELECT *
   FROM  (
      SELECT 1 + trunc(random() * 5100000)::int AS id
      FROM   generate_series(1, 1030)  -- 1000 + few percent - adapt to your needs
      LIMIT  1030                      -- hint for query planner
      ) r
   JOIN   big b USING (id)             -- eliminate miss

   UNION                               -- eliminate dupe
   SELECT b.*
   FROM  (
      SELECT 1 + trunc(random() * 5100000)::int AS id
      FROM   random_pick r             -- plus 3 percent - adapt to your needs
      LIMIT  999                       -- less than 1000, hint for query planner
      ) r
   JOIN   big b USING (id)             -- eliminate miss
   )
TABLE  random_pick
LIMIT  1000;  -- actual limit We can work with a smaller surplus in the base query. If there are too many gaps so we don't find enough rows in the first iteration, the rCTE continues to iterate with the recursive term. We still need relatively few gaps in the ID space or the recursion may run dry before the limit is reached - or we have to start with a large enough buffer which defies the purpose of optimizing performance. Duplicates are eliminated by the UNION in the rCTE. The outer LIMIT makes the CTE stop as soon as we have enough rows. This query is carefully drafted to use the available index, generate actually random rows and not stop until we fulfill the limit (unless the recursion runs dry). There are a number of pitfalls here if you are going to rewrite it. Wrap into function For repeated use with the same table with varying parameters: CREATE OR REPLACE FUNCTION f_random_sample(_limit int = 1000, _gaps real = 1.03)
  RETURNS SETOF big
  LANGUAGE plpgsql VOLATILE ROWS 1000 AS
$func$
DECLARE
   _surplus  int := _limit * _gaps;
   _estimate int := (           -- get current estimate from system
      SELECT (reltuples / relpages * (pg_relation_size(oid) / 8192))::bigint
      FROM   pg_class
      WHERE  oid = 'big'::regclass);
BEGIN
   RETURN QUERY
   WITH RECURSIVE random_pick AS (
      SELECT *
      FROM  (
         SELECT 1 + trunc(random() * _estimate)::int
         FROM   generate_series(1, _surplus) g
         LIMIT  _surplus           -- hint for query planner
         ) r (id)
      JOIN   big USING (id)        -- eliminate misses

      UNION                        -- eliminate dupes
      SELECT *
      FROM  (
         SELECT 1 + trunc(random() * _estimate)::int
         FROM   random_pick        -- just to make it recursive
         LIMIT  _limit             -- hint for query planner
         ) r (id)
      JOIN   big USING (id)        -- eliminate misses
   )
   TABLE  random_pick
   LIMIT  _limit;
END
$func$; Call: SELECT * FROM f_random_sample();
SELECT * FROM f_random_sample(500, 1.05); Generic function We can make this generic to work for any table with a unique integer column (typically the PK): Pass the table as polymorphic type and (optionally) the name of the PK column and use EXECUTE : CREATE OR REPLACE FUNCTION f_random_sample(_tbl_type anyelement
                                         , _id text = 'id'
                                         , _limit int = 1000
                                         , _gaps real = 1.03)
  RETURNS SETOF anyelement
  LANGUAGE plpgsql VOLATILE ROWS 1000 AS
$func$
DECLARE
   -- safe syntax with schema & quotes where needed
   _tbl text := pg_typeof(_tbl_type)::text;
   _estimate int := (SELECT (reltuples / relpages
                          * (pg_relation_size(oid) / 8192))::bigint
                     FROM   pg_class  -- get current estimate from system
                     WHERE  oid = _tbl::regclass);
BEGIN
   RETURN QUERY EXECUTE format(
   $$
   WITH RECURSIVE random_pick AS (
      SELECT *
      FROM  (
         SELECT 1 + trunc(random() * $1)::int
         FROM   generate_series(1, $2) g
         LIMIT  $2                 -- hint for query planner
         ) r(%2$I)
      JOIN   %1$s USING (%2$I)     -- eliminate misses

      UNION                        -- eliminate dupes
      SELECT *
      FROM  (
         SELECT 1 + trunc(random() * $1)::int
         FROM   random_pick        -- just to make it recursive
         LIMIT  $3                 -- hint for query planner
         ) r(%2$I)
      JOIN   %1$s USING (%2$I)     -- eliminate misses
   )
   TABLE  random_pick
   LIMIT  $3;
   $$
 , _tbl, _id
   )
   USING _estimate              -- $1
       , (_limit * _gaps)::int  -- $2 (""surplus"")
       , _limit                 -- $3
   ;
END
$func$; Call with defaults (important!): SELECT * FROM f_random_sample(null::big);  --! Or more specifically: SELECT * FROM f_random_sample(null::""my_TABLE"", 'oDD ID', 666, 1.15); About the same performance as the static version. Related: Refactor a PL/pgSQL function to return the output of various SELECT queries - chapter ""Various complete table types"" Return SETOF rows from PostgreSQL function Format specifier for integer variables in format() for EXECUTE? INSERT with dynamic table name in trigger function This is safe against SQL injection. See: Table name as a PostgreSQL function parameter SQL injection in Postgres functions vs prepared queries Possible alternative If your requirements allow identical sets for repeated calls (and we are talking about repeated calls) consider a MATERIALIZED VIEW . Execute above query once and write the result to a table. Users get a quasi random selection at lightening speed. Refresh your random pick at intervals or events of your choosing. Postgres 9.5 introduces TABLESAMPLE SYSTEM (n) Where n is a percentage. The manual: The BERNOULLI and SYSTEM sampling methods each accept a single
argument which is the fraction of the table to sample, expressed as a percentage between 0 and 100 . This argument can be any real -valued expression. Bold emphasis mine. It's very fast , but the result is not exactly random . The manual again: The SYSTEM method is significantly faster than the BERNOULLI method
when small sampling percentages are specified, but it may return a
less-random sample of the table as a result of clustering effects. The number of rows returned can vary wildly. For our example, to get roughly 1000 rows: SELECT * FROM big TABLESAMPLE SYSTEM ((1000 * 100) / 5100000.0); Related: Fast way to discover the row count of a table in PostgreSQL Or install the additional module tsm_system_rows to get the number of requested rows exactly (if there are enough) and allow for the more convenient syntax: SELECT * FROM big TABLESAMPLE SYSTEM_ROWS(1000); See Evan's answer for details. But that's still not exactly random.","sql,performance,postgresql,random",531,8675160,https://stackoverflow.com/questions/8674718/best-way-to-select-random-rows-postgresql
Postgres and indexes on foreign keys and primary keys,"PostgreSQL automatically creates indexes on primary keys and unique constraints, but not on the referencing side of foreign key relationships. When Pg creates an implicit index it will emit a NOTICE -level message that you can see in psql and/or the system logs, so you can see when it happens. Automatically created indexes are visible in \d output for a table, too. The documentation on unique indexes says: PostgreSQL automatically creates an index for each unique constraint and primary key constraint to enforce uniqueness. Thus, it is not necessary to create an index explicitly for primary key columns. and the documentation on constraints says: Since a DELETE of a row from the referenced table or an UPDATE of a
  referenced column will require a scan of the referencing table for
  rows matching the old value, it is often a good idea to index the
  referencing columns. Because this is not always needed, and there are
  many choices available on how to index, declaration of a foreign key
  constraint does not automatically create an index on the referencing
  columns. Therefore you have to create indexes on foreign-keys yourself if you want them. Note that if you use primary-foreign-keys, like 2 FK's as a PK in a M-to-N table, you will have an index on the PK and probably don't need to create any extra indexes. While it's usually a good idea to create an index on (or including) your referencing-side foreign key columns, it isn't required. Each index you add slows DML operations down slightly, so you pay a performance cost on every INSERT , UPDATE or DELETE . If the index is rarely used it may not be worth having.","sql,postgresql,indexing,foreign-keys,primary-key",529,970605,https://stackoverflow.com/questions/970562/postgres-and-indexes-on-foreign-keys-and-primary-keys
What is the meaning of the prefix N in T-SQL statements and when should I use it?,"It's declaring the string as nvarchar data type, rather than varchar You may have seen Transact-SQL code that passes strings around using
an N prefix. This denotes that the subsequent string is in Unicode
(the N actually stands for National language character set). Which
means that you are passing an NCHAR, NVARCHAR or NTEXT value, as
opposed to CHAR, VARCHAR or TEXT. To quote from Microsoft : Prefix Unicode character string constants with the letter N. Without
the N prefix, the string is converted to the default code page of the
database. This default code page may not recognize certain characters . If you want to know the difference between these two data types, see this SO post: What is the difference between varchar and nvarchar?","sql,sql-server,t-sql",529,10025043,https://stackoverflow.com/questions/10025032/what-is-the-meaning-of-the-prefix-n-in-t-sql-statements-and-when-should-i-use-it
How do I query for all dates greater than a certain date in SQL Server?,"select *  
from dbo.March2010 A 
where A.Date >= Convert(datetime, '2010-04-01' ) In your query, 2010-4-01 is treated as a mathematical expression, so in essence it read select *  
from dbo.March2010 A 
where A.Date >= 2005; ( 2010 minus 4 minus 1 is 2005 Converting it to a proper datetime , and using single quotes will fix this issue.) Technically, the parser might allow you to get away with select *  
from dbo.March2010 A 
where A.Date >= '2010-04-01' it will do the conversion for you, but in my opinion it is less readable than explicitly converting to a DateTime for the maintenance programmer that will come after you.","sql,sql-server,datetime",526,10643403,https://stackoverflow.com/questions/10643379/how-do-i-query-for-all-dates-greater-than-a-certain-date-in-sql-server
Altering a column to be nullable,Assuming SQL Server (based on your previous questions): ALTER TABLE Merchant_Pending_Functions ALTER COLUMN NumberOfLocations INT NULL Replace INT with your actual datatype.,sql,525,3556942,https://stackoverflow.com/questions/3556890/altering-a-column-to-be-nullable
Nested select statement in SQL Server,You need to alias the subquery. SELECT name FROM (SELECT name FROM agentinformation) a or to be more explicit SELECT a.name FROM (SELECT name FROM agentinformation) a,"sql,sql-server,nested,subquery,querying",525,4630000,https://stackoverflow.com/questions/4629979/nested-select-statement-in-sql-server
How to log PostgreSQL queries?,"In your data/postgresql.conf file, change the log_statement setting to 'all' . Edit Looking at your new information, I'd say there may be a few other settings to verify: make sure you have turned on the log_destination variable make sure you turn on the logging_collector also make sure that the log_directory directory already exists inside of the data directory, and that the postgres user can write to it.","sql,database,postgresql,logging",519,722236,https://stackoverflow.com/questions/722221/how-to-log-postgresql-queries
How to convert java.util.Date to java.sql.Date?,"tl;dr How to convert java.util.Date to java.sql.Date? Don’t. Both Date classes are outmoded. Sun , Oracle , and the JCP community gave up on those legacy date-time classes years ago with the unanimous adoption of JSR 310 defining the java.time classes. Use java.time classes instead of legacy java.util.Date & java.sql.Date with JDBC 4.2 or later. Convert to/from java.time if inter-operating with code not yet updated to java.time. Legacy Modern Conversion java.util.Date java.time.Instant java.util.Date.toInstant() java.util.Date.from( Instant ) java.sql.Date java.time.LocalDate java.sql.Date.toLocalDate() java.sql.Date.valueOf( LocalDate ) Example query with PreparedStatement . myPreparedStatement.setObject( 
    … ,                                         // Specify the ordinal number of which argument in SQL statement.
    myJavaUtilDate.toInstant()                  // Convert from legacy class `java.util.Date` (a moment in UTC) to a modern `java.time.Instant` (a moment in UTC).
        .atZone( ZoneId.of( ""Africa/Tunis"" ) )  // Adjust from UTC to a particular time zone, to determine a date. Instantiating a `ZonedDateTime`.
        .toLocalDate()                          // Extract a date-only `java.time.LocalDate` object from the date-time `ZonedDateTime` object.
) Replacements: Instant instead of java.util.Date Both represent a moment in UTC. but now with nanoseconds instead of milliseconds. LocalDate instead of java.sql.Date Both represent a date-only value without a time of day and without a time zone. Details If you are trying to work with date-only values (no time-of-day, no time zone), use the LocalDate class rather than java.util.Date . java.time In Java 8 and later, the troublesome old date-time classes bundled with early versions of Java have been supplanted by the new java.time package . See Oracle Tutorial . Much of the functionality has been back-ported to Java 6 & 7 in ThreeTen-Backport and further adapted to Android in ThreeTenABP . A SQL data type DATE is meant to be date-only, with no time-of-day and no time zone. Java never had precisely such a class† until java.time.LocalDate in Java 8. Let's create such a value by getting today's date according to a particular time zone (time zone is important in determining a date as a new day dawns earlier in Paris than in Montréal, for example). LocalDate todayLocalDate = LocalDate.now( ZoneId.of( ""America/Montreal"" ) );  // Use proper ""continent/region"" time zone names; never use 3-4 letter codes like ""EST"" or ""IST"". At this point, we may be done. If your JDBC driver complies with JDBC 4.2 spec , you should be able to pass a LocalDate via setObject on a PreparedStatement to store into a SQL DATE field. myPreparedStatement.setObject( 1 , localDate ); Likewise, use ResultSet::getObject to fetch from a SQL DATE column to a Java LocalDate object. Specifying the class in the second argument makes your code type-safe . LocalDate localDate = ResultSet.getObject( 1 , LocalDate.class ); In other words, this entire Question is irrelevant under JDBC 4.2 or later. If your JDBC driver does not perform in this manner, you need to fall back to converting to the java.sql types. Convert to java.sql.Date To convert, use new methods added to the old date-time classes. We can call java.sql.Date.valueOf(…) to convert a LocalDate . java.sql.Date sqlDate = java.sql.Date.valueOf( todayLocalDate ); And going the other direction. LocalDate localDate = sqlDate.toLocalDate(); Converting from java.util.Date While you should avoid using the old date-time classes, you may be forced to when working with existing code. If so, you can convert to/from java.time. Go through the Instant class, which represents a moment on the timeline in UTC. An Instant is similar in idea to a java.util.Date . But note that Instant has a resolution up to nanoseconds while java.util.Date has only milliseconds resolution. To convert, use new methods added to the old classes. For example, java.util.Date.from( Instant ) and java.util.Date::toInstant . Instant instant = myUtilDate.toInstant(); To determine a date, we need the context of a time zone. For any given moment, the date varies around the globe by time zone. Apply a ZoneId to get a ZonedDateTime . ZoneId zoneId = ZoneId.of ( ""America/Montreal"" );
ZonedDateTime zdt = ZonedDateTime.ofInstant ( instant , zoneId );
LocalDate localDate = zdt.toLocalDate(); † The java.sql.Date class pretends to be date-only without a time-of-day but actually does a time-of-day, adjusted to a midnight time. Confusing? Yes, the old date-time classes are a mess. About java.time The java.time framework is built into Java 8 and later. These classes supplant the troublesome old legacy date-time classes such as java.util.Date , Calendar , & SimpleDateFormat . To learn more, see the Oracle Tutorial . And search Stack Overflow for many examples and explanations. Specification is JSR 310 . The Joda-Time project, now in maintenance mode , advises migration to the java.time classes. You may exchange java.time objects directly with your database. Use a JDBC driver compliant with JDBC 4.2 or later. No need for strings, no need for java.sql.* classes. Hibernate 5 & JPA 2.2 support java.time . Where to obtain the java.time classes? Java SE 8 , Java SE 9 , Java SE 10 , Java SE 11 , and later  - Part of the standard Java API with a bundled implementation. Java 9 brought some minor features and fixes. Java SE 6 and Java SE 7 Most of the java.time functionality is back-ported to Java 6 & 7 in ThreeTen-Backport . Android Later versions of Android (26+) bundle implementations of the java.time classes. For earlier Android (<26), a process known as API desugaring brings a subset of the java.time functionality not originally built into Android. If the desugaring does not offer what you need, the ThreeTenABP project adapts ThreeTen-Backport (mentioned above) to Android. See How to use ThreeTenABP… . The ThreeTen-Extra project extends java.time with additional classes. This project is a proving ground for possible future additions to java.time. You may find some useful classes here such as Interval , YearWeek , YearQuarter , and more .","java,sql,datetime,date",517,31238011,https://stackoverflow.com/questions/530012/how-to-convert-java-util-date-to-java-sql-date
Declare a variable in a PostgreSQL query,"There is no such feature in PostgreSQL. You can do it only in pl/PgSQL (or other pl/*), but not in plain SQL. An exception is WITH () query which can work as a variable, or even tuple of variables. It allows you to return a table of temporary values. WITH master_user AS (
    SELECT
      login,
      registration_date
    FROM users
    WHERE ...
)

SELECT *
FROM users
WHERE master_login = (SELECT login
                      FROM master_user)
      AND (SELECT registration_date
           FROM master_user) > ...;","sql,database,postgresql,postgresql-8.3,user-variables",515,1491329,https://stackoverflow.com/questions/1490942/declare-a-variable-in-a-postgresql-query
Rename a column in MySQL,"Use this query: ALTER TABLE tableName CHANGE oldcolname newcolname datatype(length); The RENAME function is used in Oracle databases. ALTER TABLE tableName RENAME COLUMN oldcolname TO newcolname datatype(length); @lad2025 mentions it below, but I thought it'd be nice to add what he said. Thank you @lad2025! You can use the RENAME COLUMN in MySQL 8.0 to rename any column you need renamed. ALTER TABLE table_name RENAME COLUMN old_col_name TO new_col_name; ALTER TABLE Syntax : RENAME COLUMN: Can change a column name but not its definition. More convenient than CHANGE to rename a column without changing its definition.","sql,mysql,rename,alter",512,30290915,https://stackoverflow.com/questions/30290880/rename-a-column-in-mysql
Error related to only_full_group_by when executing a query in MySql,"I would just add group_id to the GROUP BY . When SELECT ing a column that is not part of the GROUP BY there could be multiple values for that column within the groups, but there will only be space for a single value in the results. So, the database usually needs to be told exactly how to make those multiple values into one value. Commonly, this is done with an aggregate function like COUNT() , SUM() , MAX() etc... I say usually because most other popular database systems insist on this. However, in MySQL prior to version 5.7 the default behaviour has been more forgiving because it will not complain and then arbitrarily choose any value ! It also has an ANY_VALUE() function that could be used as another solution to this question if you really needed the same behaviour as before. This flexibility comes at a cost because it is non-deterministic, so I would not recommend it unless you have a very good reason for needing it. MySQL are now turning on the only_full_group_by setting by default for good reasons, so it's best to get used to it and make your queries comply with it. So why my simple answer above? I've made a couple of assumptions: 1) the group_id is unique. Seems reasonable, it is an 'ID' after all. 2) the group_name is also unique. This may not be such a reasonable assumption. If this is not the case and you have some duplicate group_names and you then follow my advice to add group_id to the GROUP BY , you may find that you now get more results than before because the groups with the same name will now have separate rows in the results. To me, this would be better than having these duplicate groups hidden because the database has quietly selected a value arbitrarily! It's also good practice to qualify all the columns with their table name or alias when there's more than one table involved... SELECT 
  g.group_id AS 'value', 
  g.group_name AS 'text' 
FROM mod_users_groups g
LEFT JOIN mod_users_data d ON g.group_id = d.group_id 
WHERE g.active = 1 
  AND g.department_id = 1 
  AND g.manage_work_orders = 1 
  AND g.group_name != 'root' 
  AND g.group_name != 'superuser' 
GROUP BY 
  g.group_name, 
  g.group_id 
HAVING COUNT(d.user_id) > 0 
ORDER BY g.group_name","mysql,sql,group-by,mysql-error-1055",511,34115425,https://stackoverflow.com/questions/34115174/error-related-to-only-full-group-by-when-executing-a-query-in-mysql
Exporting data In SQL Server as INSERT INTO,"In SSMS in the Object Explorer, right click on the database, right-click and pick ""Tasks"" and then ""Generate Scripts"". This will allow you to generate scripts for a single or all tables, and one of the options is ""Script Data"". If you set that to TRUE, the wizard will generate a script with INSERT INTO () statement for your data. If using 2008 R2 or 2012  it is called something else, see screenshot below this one 2008 R2 or later eg 2012 Select ""Types of Data to Script"" which can be ""Data Only"", ""Schema and Data"" or ""Schema Only"" - the default). And then there's a "" SSMS Addin "" Package on Codeplex (including source) which promises pretty much the same functionality and a few more (like quick find etc.)","sql,sql-server,insert,data-migration",511,1515975,https://stackoverflow.com/questions/1515969/exporting-data-in-sql-server-as-insert-into
How to use GROUP BY to concatenate strings in SQL Server?,"No CURSOR, WHILE loop, or User-Defined Function needed . Just need to be creative with FOR XML and PATH. [Note: This solution only works on SQL 2005 and later. Original question didn't specify the version in use.] CREATE TABLE #YourTable ([ID] INT, [Name] CHAR(1), [Value] INT)

INSERT INTO #YourTable ([ID],[Name],[Value]) VALUES (1,'A',4)
INSERT INTO #YourTable ([ID],[Name],[Value]) VALUES (1,'B',8)
INSERT INTO #YourTable ([ID],[Name],[Value]) VALUES (2,'C',9)

SELECT 
  [ID],
  STUFF((
    SELECT ', ' + [Name] + ':' + CAST([Value] AS VARCHAR(MAX)) 
    FROM #YourTable 
    WHERE (ID = Results.ID) 
    FOR XML PATH(''),TYPE).value('(./text())[1]','VARCHAR(MAX)')
  ,1,2,'') AS NameValues
FROM #YourTable Results
GROUP BY ID

DROP TABLE #YourTable","sql,sql-server,string-concatenation,sql-server-group-concat",509,273330,https://stackoverflow.com/questions/273238/how-to-use-group-by-to-concatenate-strings-in-sql-server
How to select rows with no matching entry in another table?,"Here's a simple query: SELECT t1.ID
FROM Table1 t1
    LEFT JOIN Table2 t2 ON t1.ID = t2.ID
WHERE t2.ID IS NULL The key points are: LEFT JOIN is used; this will return ALL rows from Table1 , regardless of whether or not there is a matching row in Table2 . The WHERE t2.ID IS NULL clause; this will restrict the results returned to only those rows where the ID returned from Table2 is null - in other words there is NO record in Table2 for that particular ID from Table1 . Table2.ID will be returned as NULL for all records from Table1 where the ID is not matched in Table2 .","sql,foreign-keys",509,4076157,https://stackoverflow.com/questions/4076098/how-to-select-rows-with-no-matching-entry-in-another-table
How to insert a value that contains an apostrophe (single quote)?,"Escape the apostrophe (i.e. double-up the single quote character) in your SQL: INSERT INTO Person
    (First, Last)
VALUES
    ('Joe', 'O''Brien')
              /\
          right here The same applies to SELECT queries: SELECT First, Last FROM Person WHERE Last = 'O''Brien' The apostrophe, or single quote, is a special character in SQL that specifies the beginning and end of string data. This means that to use it as part of your literal string data you need to escape the special character. With a single quote this is typically accomplished by doubling your quote. (Two single quote characters, not double-quote instead of a single quote.) Note : You should only ever worry about this issue when you manually edit data via a raw SQL interface since writing queries outside of development and testing should be a rare occurrence. In code there are techniques and frameworks (depending on your stack) that take care of escaping special characters, SQL injection , etc.","sql,sql-update,sql-insert",508,1912100,https://stackoverflow.com/questions/1912095/how-to-insert-a-value-that-contains-an-apostrophe-single-quote
Efficiently convert rows to columns,"There are several ways that you can transform data from multiple rows into columns. Using PIVOT In SQL Server you can use the PIVOT function to transform the data from rows to columns: select Firstname, Amount, PostalCode, LastName, AccountNumber
from
(
  select value, columnname
  from yourtable
) d
pivot
(
  max(value)
  for columnname in (Firstname, Amount, PostalCode, LastName, AccountNumber)
) piv; See Demo . Pivot with unknown number of columnnames If you have an unknown number of columnnames that you want to transpose, then you must use dynamic SQL: DECLARE @cols AS NVARCHAR(MAX),
    @query  AS NVARCHAR(MAX)

select @cols = STUFF((SELECT ',' + QUOTENAME(ColumnName) 
                    from yourtable
                    group by ColumnName, id
                    order by id
            FOR XML PATH(''), TYPE
            ).value('.', 'NVARCHAR(MAX)') 
        ,1,1,'')

set @query = N'SELECT ' + @cols + N' from 
             (
                select value, ColumnName
                from yourtable
            ) x
            pivot 
            (
                max(value)
                for ColumnName in (' + @cols + N')
            ) p '

exec sp_executesql @query; See Demo . Using an aggregate function If you do not want to use the PIVOT function, then you can use an aggregate function with a CASE expression: select
  max(case when columnname = 'FirstName' then value end) Firstname,
  max(case when columnname = 'Amount' then value end) Amount,
  max(case when columnname = 'PostalCode' then value end) PostalCode,
  max(case when columnname = 'LastName' then value end) LastName,
  max(case when columnname = 'AccountNumber' then value end) AccountNumber
from yourtable See Demo . Using multiple joins This could also be completed using multiple joins, but you will need some column to associate each of the rows which you do not have in your sample data. But the basic syntax would be: select fn.value as FirstName,
  a.value as Amount,
  pc.value as PostalCode,
  ln.value as LastName,
  an.value as AccountNumber
from yourtable fn
left join yourtable a
  on fn.somecol = a.somecol
  and a.columnname = 'Amount'
left join yourtable pc
  on fn.somecol = pc.somecol
  and pc.columnname = 'PostalCode'
left join yourtable ln
  on fn.somecol = ln.somecol
  and ln.columnname = 'LastName'
left join yourtable an
  on fn.somecol = an.somecol
  and an.columnname = 'AccountNumber'
where fn.columnname = 'Firstname'","sql,sql-server,sql-server-2008,pivot",507,15745076,https://stackoverflow.com/questions/15745042/efficiently-convert-rows-to-columns
How to list active connections on PostgreSQL?,"Oh, I just found that command on PostgreSQL forum: SELECT * FROM pg_stat_activity; To limit to just one database: SELECT * FROM pg_stat_activity WHERE datname = 'dbname';","sql,postgresql,database-connection,listings",504,27435868,https://stackoverflow.com/questions/27435839/how-to-list-active-connections-on-postgresql
Is there any difference between GROUP BY and DISTINCT?,"MusiGenesis ' response is functionally the correct one with regard to your question as stated; the SQL Server is smart enough to realize that if you are using ""Group By"" and not using any aggregate functions, then what you actually mean is ""Distinct"" - and therefore it generates an execution plan as if you'd simply used ""Distinct."" However, I think it's important to note Hank 's response as well - cavalier treatment of ""Group By"" and ""Distinct"" could lead to some pernicious gotchas down the line if you're not careful.  It's not entirely correct to say that this is ""not a question about aggregates"" because you're asking about the functional difference between two SQL query keywords, one of which is meant to be used with aggregates and one of which is not. A hammer can work to drive in a screw sometimes, but if you've got a screwdriver handy, why bother? (for the purposes of this analogy, Hammer : Screwdriver :: GroupBy : Distinct and screw => get list of unique values in a table column )","sql,group-by,distinct",504,164544,https://stackoverflow.com/questions/164319/is-there-any-difference-between-group-by-and-distinct
Explicit vs implicit SQL joins,"Performance-wise, they are exactly the same (at least in SQL Server). PS: Be aware that the ""implicit OUTER JOIN "" syntax--using *= or =* in a WHERE after using comma--is deprecated since SQL Server 2005. (The ""implicit ( CROSS ) JOIN "" syntax using comma as used in the question is still supported.) Deprecation of ""Old Style"" JOIN Syntax: Only A Partial Thing","sql,join",503,44932,https://stackoverflow.com/questions/44917/explicit-vs-implicit-sql-joins
